,reviewId,userName,userImage,content,score,thumbsUpCount,reviewCreatedVersion,at,replyContent,repliedAt
0,gp:AOqpTOFy06BeUeh2aPRuz7Bxu0lSC8J4UH2VTyTCQ2gH9C2ZeGO7zgjz0FTnCnDDX4_afi-K8bWR7HbpDchVFw,kimberly stewart,https://play-lh.googleusercontent.com/a-/AOh14GhFXxVcVaeDIr02iHH17_87RW2VcVmfaXW5WXS5mw,"There are too many glitches, it freezes and the app crashes after 2 minutes of use ever since the new update. And please bring back the option of whether you want to separately quote retweet or just retweet a post. *Update: aside from the quote retweets, the same thing from last year is now happening again ever since the new update.",2,179,9.20.0-release.00,2021-11-26 14:35:46,,
1,gp:AOqpTOEvAgHkgiAnqN8TeuIREta4Rd7gzTKyo9GX6isTgczJgpmuFrLSNHRO4iAv7unFyyxwXeJGNEs5mlbDoQ,Izuku Midoriya,https://play-lh.googleusercontent.com/a-/AOh14GjLxi092ChfVh5QtKZ7JMn0-EA6cfukht3kpe2Zqw,"Twitter please fix this asap I can't receive any new notifications and it's only one at a time. I can't scroll down for old notifs when it's only that keeps appearing there. It doesn't even seem to reply to other people's tweets cause I've been commenting to people's different posts for months now and no one seem to bother replying to me, no notifs",1,412,9.20.0-release.00,2021-11-20 11:21:30,,
2,gp:AOqpTOGwYagIau5Cja8YznMgWWw58O2lI2o0WaHSD3JIz0Ke70DHh4Uc8fxgNQZqBe6zLQuvYQD25ZfxJQcYOQ,Rachel Baker,https://play-lh.googleusercontent.com/a-/AOh14Gg3mTDBw6DP2bfCMmnxbII8aaxJBPVqmJ4SB7b9,"Since the last update, I haven't been able to reply to tweets and have had to uninstall and reinstall the app twice. The problem would be resolved for a bit then it goes back to me not being able to reply to tweets and have had to resort to using the ""Quote Tweet"" tab to reply to tweets. I haven't had problems with the app up until this point and would like this to be resolved.",2,166,9.20.0-release.00,2021-11-22 06:27:39,,
3,gp:AOqpTOHQl3DxzgHEfJ-YD4W6BgTyAzHiRSBAQn1ILIckFdOcjaX7sWHYuNKKKHCmXZsYwijrRqFQlkXjWGp0Ng,Heather Valentine,https://play-lh.googleusercontent.com/a-/AOh14GiXBQjfQji2FvLMkepIovayCYohaHEs8DHB4XFePQ,"Can't post replies on the app even after a clean install. Works fine on desktop. Works fine in a mobile browser. Just the app. I see I'm not the only one with this problem, and I also see that nobody that could do anything about it cares enough to fix it. Nice. üôÉ",1,147,9.20.0-release.00,2021-11-22 23:12:44,,
4,gp:AOqpTOFsB6OW-7EWA9eDKrcHYE3R1LXesbKnAx0RIoeU9OoYHyuTjmSpmYTbEyVo3AfczvPJBzRlyQm09VFQwA,Sherlock Holmes,https://play-lh.googleusercontent.com/a/AATXAJx2apFvZiDrF22pABND4jd-kte0mry6Hw5nloSf=mo,"notification feed doesn't load. it used to show me all the posts that my notifs on squad posted before. not anymore. it's just a few which was recently posted, not even 1 or 2 hours ago. also i still can't see worldwide trends. pls fix",1,10,9.21.0-release.0,2021-12-04 01:01:07,,
5,gp:AOqpTOFhe827omo2jaLC6roYFzJEUpLfuNcae4BIkrLcnX7vqtiF8Ct8SIG5kfJR76ewYYfid4vn1bkwoJI8HQ,Dee Stanton,https://play-lh.googleusercontent.com/a-/AOh14GiogiDZKq24vK9Es7PG6j16yM5BrDb02Y-gI4e2ig,This app and the site itself is really user friendly but in this day and age Twitter needs to keep up with the times an offer an edit feature. We all know that everyone makes mistake in writing so please offer this feature to better the site. Even Facebook has it and that says a lot.,4,202,9.20.0-release.00,2021-11-18 16:40:13,,
6,gp:AOqpTOHor3ncd-48nltNor-BdDRVgSb4YJwklI7MQjJ6WzAfRWy1cbCXodhDUgoU7NvusBCDqL35KMBNEwhR8g,iamkeb,https://play-lh.googleusercontent.com/a-/AOh14GgxwnRK9vspeA3kgrKnOlmuTdXv7F8De1I6vfel1g,"Hi, I just want to inform to you that I can't replying to others on my account. It keeps on showing tweet failed to send. I can do a thread, but I can't reply. Everytime it happens, I need to reinstall my apps. I have been encountering these problems for 3 days already. Please fix this. and I can't approach you through the email given so this is the only way I can contact you",1,170,9.20.0-release.00,2021-11-19 08:38:28,,
7,gp:AOqpTOErpPE1JCYNMhp475JMyjlJxNGTQ0BFGyqiPkWqPQoiBUhxGbrDWFyrmwaEL_rvUB6A7sKtNrwn0B-e4Q,Neelesh Chithru,https://play-lh.googleusercontent.com/a-/AOh14Gh_KhygX_DCqj9J9Wre9O_Wnp3D5XoyTj82YIgn,the new layout looks really bad and it looks like using Facebook or something. I don't have spaces or any of the other features I can get.... DMS are very laggy as well. these things need to be sorted out with an update so that everyone can have a similar experience,1,58,9.20.0-release.00,2021-11-26 16:28:42,,
8,gp:AOqpTOEWKJcm4nY9kOC6wEgwGB4sO9iERO8JMahb-LVElLzq1PPfXDGzOMHJmw6St_kHAcguMzabYrcIbOyhPw,Ayreon Noyfb,https://play-lh.googleusercontent.com/a/AATXAJy8VQbq5NjCtg1pWBLjMr-QV_KKspD13KUttWtY=mo,"Imo it's totally weird that if you tap the ""load more tweets"" link it jumps to the newest of those tweets. I read from old to new and it's annoying this app makes it hard to do so. Leave me at the same tweet and stack the loaded tweets above. Also the app often is unable to play any video.",3,38,9.20.0-release.00,2021-11-29 04:36:22,,
9,gp:AOqpTOFISRxBK03Ofh1T9WaQsQgfJAfkWf-1gGaXfnLqz3SGLQeD8PGejVscxp3kjr7U_dMnsLKnHSRidlh9Jw,Thomas Omelie,https://play-lh.googleusercontent.com/a-/AOh14GhO15H_wdWMCLI5NMeU4Mmez3dXur8BqGu9S4S2Dg,"Pretty good app overall, but freezes and crashes sometimes. Also, after recent update I cannot press the ""view tweet (that I just posted)"" button because it's under the + button.",4,1,9.21.0-release.0,2021-12-04 14:20:54,,
10,gp:AOqpTOGRo10yZnjYaiCvcz-gMpuQ-i2n0uLTk4PC4FXO14VX4OqTxRtUkI-Baz69jStWLAfuXiPF9ni-gEiTDw,Tyler,https://play-lh.googleusercontent.com/a-/AOh14GjKc_qUw_bry2DUi_eUpK0xXH2xBaDZpDB_l_0c3w,Cant see all my notifications anymore. Must've been a new update but it sucks. Can only see like 10 tweets from my notifications section then it just doesn't allow you to go down anymore. Please revert.,2,7,9.21.0-release.0,2021-12-05 11:26:47,,
11,gp:AOqpTOG9IpnQ1EWQfChI0SjqjAhl0RzNQCuKcuvZ9w_Cqvj4E4QYZDmqp05kNG-r6UEn7x3ShJhK-6fhK0Ikfw,Sheanne Trixie,https://play-lh.googleusercontent.com/a/AATXAJzE5L-leDzUJdBubYddhtZuqjOmiYZnOKXnTWGbNw=mo,"Please add the color theme in mobile too! I really love that feature and I felt that I fully customize my account with that. Other than that don't change. Even the edit button, don't add that anymore, never. It's better that way.",4,238,9.20.0-release.00,2021-11-21 10:02:49,,
12,gp:AOqpTOGPk4yIMpMHbsM7mfWunliUf8taZjm7oEFE6Y7u9zZZZHhPFO7dWhG2D99BHbhhiOayaIRNE-vruzq0lA,P G,https://play-lh.googleusercontent.com/a/AATXAJz0xxHd9UikxiQJIXsfS9DcSkZhY-9Fwz6-Bla5=mo,"It could desperately use an edit function, but it's been very solid, and I appreciate that they don't keep fooling with the design like Facebook.",5,53,9.21.0-release.0,2021-12-04 00:44:57,,
13,gp:AOqpTOFNHwtoexxtar1cj4FZMwJ5FxOgYHwk5sLP5YLDCMCEd4aLQhx8fenNWI0pm4hIPbgIBFcBt2cAYn2qVA,Juan Carlos Gutierrez,https://play-lh.googleusercontent.com/a-/AOh14Gh46cBKg6f-wRPZL70QohTVKlbJu8JU-YgAuQbcag,I don't usually do app reviews but the app studders so much when scrolling. It's annoying enough that I just scroll about 5 times and just leave the app. I keep updating the app and that studder never goes away. It's bad enough that I'm using Facebook more. Im running it on a pixel 5 on Android 12.,3,38,9.21.0-release.0,2021-12-02 10:59:53,,
14,gp:AOqpTOFt-1ZjHLFnXI31cXZJx63WDv-6lWX4uyTrpgpUOW97iAik5fCoswPPGz1Q5zErJdIeGXwWlMT2PgDcHw,Char Alfves,https://play-lh.googleusercontent.com/a-/AOh14GigLe3HjAbN79581nAW6GFzjzXxBOmweASD2Yraww,"I dont know what happened to you twitter, but my only complaint is that twitter dislikes the tweets I like, sometimes those tweets that I retweeted are deleted, I mean they are unretweeted when i saw the tweet again (tweet that I retweet), then now it's annoying because I can't even change my header in my 3rd account, it always failed to change, sometimes I can't reply too!...(just understand my English, because I'm not very good)",1,89,9.20.0-release.00,2021-11-23 14:09:19,,
15,gp:AOqpTOF1qvIcjjI1I7eWp9bRdvrzVc5DzvNnkufDQYzhfY3C2f6rnIiok1QggB_3XxgJCbgMAcVe8kCPtMV1gA,Gerald Banks,https://play-lh.googleusercontent.com/a/AATXAJykySBSMqW93sTsYaF9EEWIRCOFyiK878iAASUd=mo,Can't switch from twitter mobile to app when I click open in the twitter app I get webpage not found its really annoying when I try to click links to view in twitter app but on a good note I use twitter less now because of it to much of a Hassel to search for a story without a link to take me there.,1,16,9.21.0-release.0,2021-12-03 19:09:03,,
16,gp:AOqpTOHAkvGUc4ZTVUia2_E0gQEtC4eMBj4gdwkUd0u8BHs5DWHr_bZCRkK63958b8oBb4dx3GL-NvVXvDnviQ,Cazi Wazi,https://play-lh.googleusercontent.com/a-/AOh14GgJKm1EJlDw3YtphmjcH9Wo_Nyjjsq1-Hzov8twXw,"It currently isn't loading anyone's profile or my own tweets and when I click on a thread, it just shows a white screen. It's currently useless to use, only thing I can do is scroll through my home page.",1,1,9.21.0-release.0,2021-12-05 20:29:45,,
17,gp:AOqpTOHEueh9Jv3yicLfT7VK3dXvOfrJjqIwJGcJAQ7mKgagWJAcYfu9EbAPGLCPNajciM9_Tk-VZB56Rd9d5A,joatmon101b,https://play-lh.googleusercontent.com/a/AATXAJwiDQEYaa12XRMEkZd95A3zEJQcZmZegtpkCSe1=mo,Needs some refinement. Frequently I can see my responses to tweets without being to see the tweets themselves. It likes to start the top when I log in rather than where ever I last was. How about adding the ability to copy some text from another tweet instead of the whole Tweet.,4,24,9.20.0-release.00,2021-12-02 20:11:52,,
18,gp:AOqpTOF3m3p751S6vUH-Azw7cfyKCmSUD8XZVCmtvW7rxindEKkDsdxZ7F_1iR6l6nb5IHqfPkvRlx-oe8aaTw,Lemon Puff,https://play-lh.googleusercontent.com/a-/AOh14GiXMea6H4pxGOydmKRxtVaxW17WJswDnqgVy2jOAw,"Notifications tab now only shows so many of people's tweets. You can't scroll back seeing their tweets through out the day, only about 30mins worth. Why did you do this? Later twitter is becoming less and less functional, and more and more pushing new features instead. Massive thumbs down from me.",1,898,9.21.0-release.0,2021-12-05 07:31:02,,
19,gp:AOqpTOEPkfqiH9JtGSyvS9ETUgX_fU7FZIoWlJ9s-8CWjfisWH0lNrBAedDUogN-ZXKY3ACqD_MBc_IBeBGMig,Charlette S,https://play-lh.googleusercontent.com/a-/AOh14GgU0LyQS2laPeO692obzgfJJHzsXg4xIL2v7Air5w,This app now makes it save your reply options for threads on this device which seems like a good idea. In practice it seems to make it so you can't reply to anything because it keeps trying to make your replies use the reply options if they're toggled from everyone but you can't change them because you're replying to something and not making the first tweet in a thread.,1,95,9.20.0-release.00,2021-11-23 07:04:16,,
20,gp:AOqpTOEgztE_bvSFV9pWbXgLOJTJ-YRitqNHVeozb91s-cRS7gYWQCt0g9hthKHs-y-q5EPf5lthF_nNEsm_Bg,Princess Tubera,https://play-lh.googleusercontent.com/a-/AOh14GjiiOpqCrPGZO12tXx2cS9m8bN33lfs-348hfzm,"I don't receive any notifs from tweeter anymore. Not like before that once i open my data, all notifications will rush down. It bothered me more. I even though my phone is the problem here. I always check my phone setting but my notifications setting is all set. Thus, this app is the problem",1,139,9.20.0-release.00,2021-11-17 22:53:16,,
21,gp:AOqpTOEqcqyvBypMsDtWcQSi5KtIS7MQANZejCu7CacArECM4QbdKZJe5Lb-f1Fabc4WQGhBcgBg8gvokyMK8w,Ethan Chevallier,https://play-lh.googleusercontent.com/a/AATXAJxBnBt7Hw0WO7BViWB7fLEHL23ajjeoHJHSKg8S=mo,"Although the tweets themselves load fine, the current version of the app seems to have frequent issues when loading any form of media. Additionally, the app's emojis recently reverted back to how they look normally on the user's device (this causes numerous emojis from iOS to no longer be viewed on the app)",1,96,9.20.0-release.00,2021-11-25 05:05:34,,
22,gp:AOqpTOFXgNktK0KlaGtsKjcWSoNwvnAV2A_pQcIMsQjSwYQ_1Q81q4EI6ZN60WJ6kOmJijIVBBpw5CToDvTAJg,Nyssabelle Mugas,https://play-lh.googleusercontent.com/a-/AOh14GiEnvUUkv93h7YWqQLgF6tgfLeS4RrcIjTSDmNB7w,"I have been using this app for a long time, and it's a great app to be honest. But ever since I've updated, it seems to be slower than before. In the sense that the pictures take too long to load, and because of that, I can't enjoy using twitter anymore. I hope this gets fixed, thank you!",2,439,9.19.0-release.00,2021-11-11 15:45:19,,
23,gp:AOqpTOHqsuf1Y7kcV0Gmp7yBP7Q2ZQBM2AuHSEbpZahJsENy-mekeFdtB1oD28AJLHa0iS5dPl7MzGs2WEztpQ,Ema Reis,https://play-lh.googleusercontent.com/a-/AOh14Gh3R7BaN11GmTMXJ__7B1gRHx8l1uyAvkpdos_rdLY,I liked it when I could scroll for a long time on my new notifications tab. Fix that please. I choose to get them for a reason. I'm not glued to my phone.,1,7,9.21.0-release.0,2021-12-02 15:43:17,,
24,gp:AOqpTOF9JEMgwrA9EipnEQo9afS8SuWrL5HmzjIff47B5gYPnZAiGNoQnGBn3zxj_jPj4trODZW6k4k-SmkCxg,Pinkie Keen,https://play-lh.googleusercontent.com/a-/AOh14GgWicbAI-PBf-gd9Tnz36O52711QA7M_J2zwotPEA,"Twitter is still randomly refreshing while browsing causing me to lose my progress, and worse, making me unable to find a tweet I was about to like/view. I heard they fixed this issue but looks like it wasn't for mobile. Please fix this annoying little issue to make browsing Twitter less frustrating.",2,211,9.20.0-release.00,2021-11-18 16:40:39,,
25,gp:AOqpTOEZ2B2403U0TsfJ5rTksG2HGP3pdF3JDPop-Z0qlAH7_CuCZMdQ7BE89m9r3gPzuRODEsFjXMUfm5HU_Q,Miss Rhossel,https://play-lh.googleusercontent.com/a-/AOh14GhyqUk6Nw9ECkza30eKpCiM2yiwYKpO7HUNtNsu,"Now the reply function cannot work for me. I initially assumed it was a problem only I had but now I heard other users are having this problem too, being unable to reply to people's tweets. Please fix this. This is very much disappointing.",2,134,9.20.0-release.00,2021-11-19 02:42:46,,
26,gp:AOqpTOFhfSQVtWIyi_UM6ybm0iqjwMmQ4U5-R7jI_3NpM2TzXU9eJvluEofZjwDKR5Zw7q5qCNIE1GpoZMzzgg,Hans Solo,https://play-lh.googleusercontent.com/a-/AOh14GhrIRqBIPCOint-civORFovJ7cPaC2_m62jWyWM8A,"Often crashes after liking something, and for some reason my suggested feed has been overrun by far right nut jobs. Its become a poop show full of angry politics. To combat this they sometimes autosuspend accounts but they haven't quite got the algorithm tuned. So you may find yourself in Twitter jail for a harmless comment while watching racist homophobes use Twitter as their platform.",2,93,9.20.0-release.00,2021-11-21 22:18:53,,
27,gp:AOqpTOHVHIqKXocd5samhpdQMzcPVEzSbhLTJgOFwXPi2afvCipHEgWeuvHo3S6kaXYVlm_tm0nLYSbOK7yhLg,Starry.Lxlyyy,https://play-lh.googleusercontent.com/a-/AOh14Ghw2fF8ULff4tf0IO1hWB69umGXoIbABi_AqAmJAg,"Would've rated this more stars, but no. I ABSOLUTELY HATE the feature where you can see other peoples likes on your timeline, it's unnecessary. Twitter also personally modifies my interests so I have to turn every single one I'm not interested in and I hate it. The updates are making the app it worse. Please fix this.",1,114,9.19.0-release.00,2021-11-17 19:59:25,,
28,gp:AOqpTOHGBuDd79Bxhafiulu7DmDBGOkej72yCpoLXNysl9XZHav2YXMH8Ik378PcdVBdlaLwT_RuhuZSejAz4Q,K Khine Kyaw,https://play-lh.googleusercontent.com/a-/AOh14GgMJoSs_US0MEvcyk0HW-wcTRiJF8CvS-hTvOAURQ,"My tweet acc haven't seen update tweets since yesterday night. It is showing 'can't retrieve tweet in this time.' Thus, I uninstall my acc then I install Twitter. But I can't log in and create acc, it is loading. Please help me.",4,4,9.21.0-release.0,2021-12-05 15:15:05,,
29,gp:AOqpTOFU2__QYndqhgAaUVMufWupi84A3AjGqw7uiffe5o1DMBXC1689y9-p0qbUCYzK3me4bXP41Y4w3fefrQ,Rahmawati Putri,https://play-lh.googleusercontent.com/a/AATXAJzAKpGjqjGDty3AzZY2cFAVTqhfQZ0vD2VAGgxq=mo,"I can't turn off the personalisation (trends for you you). When i tried to turn it off, the button keeps getting back to turn on. Already tried to uninstall then install the app again, but the problem still the same. Please help...",3,15,9.20.0-release.00,2021-12-01 06:05:50,,
30,gp:AOqpTOFjt64RpnRtD1AY3J5SI4XTU8TzX0n5n8PgCeUi8kKno1vOrgJnWYlZW2BgXUOT4yRTL9QdY4y78d-wbg,Gage Bullock,https://play-lh.googleusercontent.com/a/AATXAJwG7zVFHCr4wep5kXo_MUzEAHGXP1QvFjZXFgx-=mo,"I keep getting the same notifications over and over after I've either opened the tweet or dismissed it. To top it off, I don't mind if there are ads in my feed, I get it Twitter is free gotta pay the bills but this rating will stay 1 star till they get rid of the ads in the comments.",1,173,9.20.0-release.00,2021-11-19 05:34:08,,
31,gp:AOqpTOGGZmgOdmFPmfUENwHFHc-YfpCjIxNQlJSbQJFw_4PcUqNEn-JCSOpXbvPiN6Vim0WO-UW2UObwcZBM5g,Alfia R,https://play-lh.googleusercontent.com/a-/AOh14Gg5DWCjyPE4dAY5dGj8bhjubeiwCWvEK5g-dqv0oQ,The new UI is so ugly. It's so hard to differentiate between other tweets on timeline and the thumbnail picture is too big and looks ugly as well. Please change it back to the previous one.,1,10,9.20.0-release.00,2021-11-30 21:16:50,,
32,gp:AOqpTOEdgMY6Qk4RKfXiC1WoQqFr81tfBE2dhLfCW0Qu4P6yFNtEO9YEWfGx-zV8TcHMU_yKMuEVdI1qhnt40w,Tho Da Reaksa,https://play-lh.googleusercontent.com/a-/AOh14GhUwwKQqGMEBepnG7QL73oKHTLN1261cZbC77tkvQ,Twitter notification keep disappearing after another notification come... What just happened? It used to work fine few days ago. It's so frustrating,1,7,9.21.0-release.0,2021-12-05 07:54:12,,
33,gp:AOqpTOHzkwBrTbkXKOS6k8qKuaz6sdXUHXSZ1WoM3IkMEFQB-LKZqHOBdlx_CuZbdaWSGnA6KyQ7qZvfiWwuxg,Calvin Barnes,https://play-lh.googleusercontent.com/a/AATXAJxxZ3RdyHI9f-A4qL5vxqFGgVD5_U5mAMJabiQf=mo,"As you scroll up from where you left off in an earlier session, you will reach a point where Twitter collapses older tweets. When you expand those tweets it is preferable they expand such that you keep scrolling up instead of jumping to some arbitrary point in the future and then having to scroll back down.",4,52,9.20.0-release.00,2021-11-27 19:20:59,,
34,gp:AOqpTOF3G_0lANbD_1lEDJec-DibmrIku8qrImWOk0NK7g-MlwRhSo_vQlhqfG7MqvVJLai3VE9KtNj02AwS5A,ocha,https://play-lh.googleusercontent.com/a-/AOh14Gj5_Yfmck4Lwl3F--u5grBkv1tZ-kvEJKlgl5k-CKE,"I would give 0 stars if i could. Everything about suspending accounts, false copyright assumptions, many of accounts have to change or DELETE their profile pictures and layouts because they can lose their accounts if they do not do it. I am very disappointed in Twitter support as well. Thinking about not using it ever again.",1,62,9.20.0-release.00,2021-11-18 13:29:29,,
35,gp:AOqpTOHRcEzeWkWoQtQq8-_DF-K0SC7tH2Q-gbJVvISH_lsN3MgxUGV7Iur9l-iM-pldk4OZ4mDs4aazunk8kA,Angelo Keane Cabigon,https://play-lh.googleusercontent.com/a-/AOh14GjYIhaC3x2zmEqAjWyyfmlQf3MQWQdj4T2CWaTRnR4,I can't seem to understand why pictures and videos DON'T LOAD AT ALL! My parents invested in a best-in-class internet so that's not the reason. So I've updated it and after the update the UI's SO UGLY and my problem still remains. I don't understand what's happening in Twitter rn.,1,110,9.20.0-release.00,2021-11-19 12:52:37,,
36,gp:AOqpTOFoefEVLNBPscNtew5qJNdpbTgSRcLdbrIfx05iqYC2qNmUsTQ107vMLzF76QQVLd5cyNG-6ZRIRB9FSA,rai,https://play-lh.googleusercontent.com/a-/AOh14Gh-eL-AO3LZltCDtJONxtbXeif3BugmU9LX9fmW_Q,"it's not showing my photos. I'm trying to tweet a photo but i can't see it, i even restarted my phone to see if it'll work, but it doesn't. it's still not there. but after all, twitter is a nice app. that's all i can say. stan twice for a better life",2,63,9.20.0-release.00,2021-11-22 20:01:07,,
37,gp:AOqpTOEWCGsGvcehCGWM7HlUixb_x3cfShnMohr3lcW3LkClS1CKHJS_RqAaUcKuznbKphVuXX3X4qig3wTMWA,Toniloba Alashe,https://play-lh.googleusercontent.com/a/AATXAJytt1inLGomzoiEuboakIbi6k_kj0NAyE6hzUqa=mo,"Please I don't know why no picture or video is showing on my Twitter(just a blank space... it's not even trying to load)... Including my very own profile picture... Just because of this reason, the app has been really difficult for me to use... Please I need to know the reason why and how to solve the problem asap",3,62,9.20.0-release.00,2021-12-02 13:51:47,,
38,gp:AOqpTOHvMdMTUSojQffk6kIG_DvQgjw4-Fy-7Hay_Q6RpCj0GtGpSmPJnVM2O1fi8tmLy4QmK2OK-rU9S6p-0g,"19. Castro Ramos, Oscar Mauricio",https://play-lh.googleusercontent.com/a-/AOh14GgRE6kUPB0j6A-gUNHnjjszjNe2HEw9BwOAeluoQA,"It is really good, but I've been having some troubles recently, which doesn't let me see the whole timeline until the last post I saw, just like some days ago, I don't know if I can explain what I mean, but I think the timeline is very short and I don't know if it's a bug or what, hopefully it is so it cam get solved. :).",4,45,9.20.0-release.00,2021-11-22 09:46:33,,
39,gp:AOqpTOETSQZqXyyMDu-iEHXLCw4x1GL30pRhSjEzydvsgbM9V-D34nIr_aQieuxjcSXjR8rUBUxkLo-mbLRf8A,Sherrah Faith,https://play-lh.googleusercontent.com/a-/AOh14GhwIFw4d_9TiHUCeAxL0QJI6-tin0XmqDMvGiuX,"I've read the reviews, and when i update it i open this app, and i joined in someones space. I can't hear the host even my signal is good, and its also says the host is having a connection issues. Even tho the others can hear it. Please fix it.",1,88,9.20.0-release.00,2021-11-19 12:50:42,,
40,gp:AOqpTOE1j22ipUI1EPJDqs1FqOJe3cZ_QFp2rlNfM2aSttEcz7LqfNz3pp8gOaD_YlCVOF74Sa0MOk5IzeIhGw,Wiktoria ZiƒÖbka,https://play-lh.googleusercontent.com/a-/AOh14Gj_MJgFQ2yny-CUh5ko6GIHY57g1pji2T8L7jQ3,"Nice app, it would've been better if we could at least see the private quote retweets (as a reply or tweet author) because it's frustrating when someone is talking about you and you can't even see what they've said.",4,32,9.20.0-release.00,2021-11-23 11:10:41,,
41,gp:AOqpTOHtptvEe4j2XnsmN81bJAMUTIk9GfH1U_zSxszmQo5XnRFfeVr5hGhLP14BNoJw8fGr98JFWUYUctYWhA,Angel Brimhall,https://play-lh.googleusercontent.com/a/AATXAJz6a4ye3qiKNUqwuZZcrKh1QC9lmJ8kO-byuS-I=mo,I'm getting so annoyed. I can't post any of my videos from my camera roll without there being green glitchy lines on the videos. I've tried to delete and redownload but it does not work. This is getting annoying and stupid. Please help me fix this problem!,1,44,9.20.0-release.00,2021-11-26 12:22:44,,
42,gp:AOqpTOFRy2BzgNKuDkJZjhfabQ8RwmqIvb5crcaV-pHS5Bw7JT5jZ3auR-cPc3Fjnf_TotVzY_mZtP1tCUTzng,Debbie Starker,https://play-lh.googleusercontent.com/a-/AOh14GidNV-uZU06m-Z5NriwuwdllTIUPviXKnohKYpV,"Twitter is a great place to share ideas and to hear both agreeing and opposing viewpoints. It is a seemingly endless source of information and entertainment. There are some negative aspects but one learns to ignore the haters. Twitter needs edit and spellcheck/usage features and it can be infuriating when you're reading something and it scrolls away on its own. There are a LOT of ads but if it keeps Twitter free, I'll deal with them. The positives definitely outweigh the negatives. Great app!",4,44,9.20.0-release.00,2021-11-28 18:43:40,,
43,gp:AOqpTOHwIkaLxRC8FGA9OpUQlm54F6fiOKasGtC8XtHTLEzFshL3e82m-vSu858zWybqlRTbgobwSxMa-d3zYg,Wahidah Supar,https://play-lh.googleusercontent.com/a-/AOh14GhgmC5eVdfgzO95xIZK0dhtPprQIZRyWC6NQ5oL2w,"This new updated TWITTER IS ALWAYS LAGGING THOUGH. Whenever I'm scrolling or reading on someone's tweets, it's suddenly refresh to the newest tweets and kept lagging again. Then, the scrolling are not smooth too. Please fix the bugs and give us the best performances ASAP..",1,35,9.20.0-release.00,2021-11-28 22:50:57,,
44,gp:AOqpTOG96fZLBGwaoZE12NLtFncd6YbCEYDxmMbEfRjHDiCgtgD0iQf45upl6JiDJnvRwNMbO6mffkeJ81ZkEA,PAMELA A CANNON,https://play-lh.googleusercontent.com/a/AATXAJyzqnivhaowHMM_UpQPHJV1tepKUX4zaax1bvxT=mo,Love it but can't scroll down my Tweets timeline anymore on my android phone since the update. Please fix. Sometimes I like to re-read a post and now I can't. Very frustrating.,3,17,9.21.0-release.0,2021-12-03 09:31:52,,
45,gp:AOqpTOEGpOLFFVvMrz438DyAGp0LC-I4uS5a71xtmZb0Ji_UeBfY2E-0_IwjLB8rslToqEEj_WzMxMlhPhbpxg,Anne Margareth Baltazar,https://play-lh.googleusercontent.com/a-/AOh14GgwX_4vohFdpzCPLNscnwPTEFW_1P8TTB5szlKb,"I actually love this app, but recently, whenever I upload a photo on twitter, its always blurry. I tried to uninstall it and install it again but nothinh changed. I hope it will be fixed soon.",2,145,9.20.0-release.00,2021-12-05 21:32:37,,
46,gp:AOqpTOEHNEozV_si5a-NCD-E4VzlKmeMPHFlc6PxkdzJlv1RCVG2Wvj4-p0oUNTz2ewEyUPG3kocXbAOJonB7w,e.,https://play-lh.googleusercontent.com/a-/AOh14Ggxy3Lb4wQV_jg1Sh1GwxboTvkYSTu-fpXCvIi2miQ,"please bring the old font back. the new font not only is ugly, but it also produced headaches. at least make it available so users can choose which font they want to use. every update is literally worse than the previous one.",1,32,9.20.0-release.00,2021-11-27 05:24:08,,
47,gp:AOqpTOHrk6vzto3ku6Ed_98f8bnDu1yDW-PfUgRW_B6hgQo9qN0T5gp_kV3H-eWB9li2D6BWzKT4f9Xdq3c0wQ,russian bot,https://play-lh.googleusercontent.com/a-/AOh14Gh_RHeV7nnnuyDakGs7_LXqJOLbmQX-POJxoTQwpA,"Interface is terrible, if you click on a text tweet it doesn't expand the thread, tweets keep disapearing from my timeline WHILE I'm reading them and every once in a while the scrolling just resets back to the top while I'm looking at a tweet. The platform is bad enough but this app is infuriating",2,52,9.20.0-release.00,2021-11-27 16:51:29,,
48,gp:AOqpTOH1CpplbIO5Z0wxLzW1hpfIshnQpnCYwwKk70JStB6iffKfMhFcffKH9sRt7t2qA2nGijsa0vqDy9xkQQ,mullethosh,https://play-lh.googleusercontent.com/a-/AOh14GhmRqJXjWp5AK-GhPji1jQcmxzQrpSuTdgTRVr0ag,i had to change my password because of a possible hacker and ive been unable to login on the app ever since. i was able to log in on my phone browser but it's kinda aggravating that the app is refusing to let me log in.,2,9,9.21.0-release.0,2021-12-05 03:43:30,,
49,gp:AOqpTOEnrGAPvYRAVs38yje8_V83cI1ynl_f0WVYA9KJbtcBMs5Lsb5uSOhxecbCdSYo7CqgOt2jcNetKoKe5w,John Morris,https://play-lh.googleusercontent.com/a-/AOh14GjGCL4PZYw8Ud8TqN-tKtVNxGQTXzfjRRdoq9OWlQ,"Crashed - that was a year ago - now crashing (or holding blue screen) Halloween 2021 - update Nov 2021 - OK not crashing but now frequentish ""failed to send"" notices - later in Nov - app won't start - and no update indicated. Trying reinstall. You get what you pay for.",3,61,9.20.0-release.00,2021-11-19 04:44:04,,
50,gp:AOqpTOGMg2hijQPMqrKkPe9tS4pmKnSQ0ZScslMhvWCwjbzrTlsedWLyz0YpWHglVfcyIxZDJseNDaplUlV_nQ,Adam Hasny,https://play-lh.googleusercontent.com/a-/AOh14GgbOAN6U36MOnonpvHS6QbxDtpAFO7AQnAaguK5,"‚Ä¢ The funniest Social Media, a lot of updates and informations. Trending Topic is the greatest (change the trending topic location where ever you you like). ""Tweet you might"" like fiture and we are available to following specific topic we like such as Climate Change, Funny, Football, Painting, Movies, Business... lot of things i can learn and read everyday... but be careful it could be dangerous sometime and a bit of toxic just stay away and follow the positive vibes only.",5,107,9.20.0-release.00,2021-11-17 15:39:08,,
51,gp:AOqpTOHgPTLJGaNUSIgVtP1qRitcG6ayTwmaoz8fmxbYls0QrSSA8d4ITL4V0hgLemotIrtZW5QhcKMmH60CXg,MUN HYUN HAN,https://play-lh.googleusercontent.com/a-/AOh14GiGHTHM6eUfsl2eHo7PektKR5ZQGbM9K7AsH9wWIQ,I don't know it worked fine at first but suddenly I can't refresh tweets anymore? In website it works fine but on app no. I kept on installing and reinstalling just to refresh my feed.,1,11,9.21.0-release.0,2021-12-05 09:52:25,,
52,gp:AOqpTOEpKp3cthpkuv9xne1HIk9wXS95s4dUCbbjkFoFQKWvsrbkNw1YMD4-I2MQBTO_KQuvYornmvrg8IMpJA,GNA49ERS4EVER,https://play-lh.googleusercontent.com/a-/AOh14Gii9GEspvKc31EoVzJ0gqnKWNQGmLh987Qm5jPEEw,"The bugs aren't worked out. You'll still get the ""cannot load tweets at this time"" message. You'll be told you can browse but then you get a message saying ""The server understood the request but is refusing to fulfill it.""",2,33,9.20.0-release.00,2021-11-29 03:04:16,,
53,gp:AOqpTOFY9NYqVeiYeOfRbZDzlVODxvbN_9hhTVVy7ghm2Kww4-uGqii3H8K35guX6YZnEVK-jtpyIayVgBNrhQ,Salvador Viesca,https://play-lh.googleusercontent.com/a/AATXAJy-DCShzy-1LYeeETZd7MN4x1T3BMC1SGGV1Gi1=mo,"Can't remove spaces from top of screen, even if you don't follow any of the speakers/listener. App still refreshes tweets you're viewing. more frustrating lately, kind of a bummer, hoping the give option to not see spaces at all if possible.",1,42,9.20.0-release.00,2021-11-27 12:34:33,,
54,gp:AOqpTOHEd3ZaEoDh0CDhFqb0NCTEmembnMpfRLZq21BPJK0UlQcGJqg0lKhzmiFkWkFD50Au9svH_HvTMIarqA,Angela Bryant,https://play-lh.googleusercontent.com/a-/AOh14Gi6Fh7WnT7L-dssR919c9WdZpfB4FKk775cAY_6VQ,"It's good. When I tag someone in a 3rd oarty tweet, they get the notification but when they click it, it doesn't show them the tweet that I tagged them in so that they can see it.",4,0,9.21.0-release.0,2021-12-04 19:58:22,,
55,gp:AOqpTOF6YqntqZEsfvEuC4Sf_xX2wa7mwCM_BbYoV6lchy6qVBW7SMLsK0cV_dj4XpuTN9ryOXjSAQtqzlPXHA,Gareth Brewin,https://play-lh.googleusercontent.com/a/AATXAJzE_j8Tqi9xmruUhPzIE-A95tK2AYY3Ar1tZkmR=mo,"It works fine I think. Don't use it much. Although whenever I open the app,I'm always greeted with the last tweet I viewed,even if I haven'r looked for several days. Why is there no auto refresh?",3,54,9.19.0-release.00,2021-11-24 04:33:32,,
56,gp:AOqpTOEy2ajS_beCGWAnZU3l1dTGoREj6J38J2mzbZBhWwzSaZWmXUcEDVDhfQEdz3BmccGUHtsd4BR7WMqBXQ,Rhea Joy Burato,https://play-lh.googleusercontent.com/a-/AOh14GiAPsaxHbOSuVAC4dvFMtu6eBrqU5xcN8FO1lIutw,"Unable to see the trending list, always loading even though I have internet connection. Photos/Videos are always cannot be seen. Update: there's something wrong with suspending accounts that have no violations. Fix your system with this #TwitterFakeCopyrights #TwitterMaliciousDMCA.",1,80,9.20.0-release.00,2021-11-18 09:28:47,,
57,gp:AOqpTOGK76wReCLhNVBqzUTLsCg8Rn7WVN3Vz_KvFok8e_gpd4g63cynu30GFnVZNxPoxWCkGt_c3a6sy-ckLg,Nathalie Evelyne,https://play-lh.googleusercontent.com/a-/AOh14Gilhgs7yz9Pmp6rIwdqsUCLfgLQkf_VKEdz3D6Igg,"What's wrong with Twitter? There is a bug in this application, 1. I want to open Twitter every time, I am asked to verify the code and it's annoying. 2. I followed someone but suddenly my ‚Äúfollowing‚Äù was zero again. 3. I like some other people's tweets, but can't like them. 4. Suddenly my account re-tweeted other people's posts, even though I didn't re-tweet anything. Please fix it soon.",1,29,9.20.0-release.00,2021-11-30 03:17:22,,
58,gp:AOqpTOGSDDfRKK0Nai856WSvfIZ24wEvthsaVqdgP0WMpyvghv1PFOEkd7l25n56LVi0cGuovwwb5AsqteU2fA,jade,https://play-lh.googleusercontent.com/a-/AOh14GhDeZosdufKMVgldCUA85tVq3OxUAgdreTPlwl8Tg,after updating the app a while ago liking tweets has become frustrating as after i like it and then click back to the timeline it immediately unlikes. it takes me about four times of doing this for the like to stick. just annoying at this point and i don't know what to do to fix it.,1,97,9.19.0-release.00,2021-11-18 06:07:02,,
59,gp:AOqpTOFsdiwEL9SxwRrdbtBferm47AAsiNoc-7H056bJhs9Vcgl-1mCnWaoH44XfXzkzxrZ59qFtXifE6Glp9Q,Deana Rodriguez,https://play-lh.googleusercontent.com/a-/AOh14GhUMQOhTtA3PGYHJcKE-6DkCCiSyyOaC-vU_jyvHg,"Since the most recent update (11/15/21), all of my replies to others' tweets FAIL when I am replying from my Samsung phone! Which is a big part of the reason for my using this app. Anyone else having this problem? üò°",2,76,9.20.0-release.00,2021-11-20 18:56:17,,
60,gp:AOqpTOG9qQRZvaWL_Tszze6rgz1xrDnoyTeFfrlUarWmmCFBta2D0mEz1U5jsgbE2piVMtFrMQ2uwlv34wRF1A,jana rose megrino,https://play-lh.googleusercontent.com/a-/AOh14GicDp2woqOzMhnVBkhnCGbsWCtyw-tFZsoHCDX45w,"I already updated the app because I thought I need to update it in order for me to reply to other's tweet but I still can't reply to other's tweets. It's really frustrating. I hope you can improve the app, you keep adding features that literally made no sense.",1,73,9.20.0-release.00,2021-11-17 22:14:33,,
61,gp:AOqpTOGPnQr6HDzlzkWtrBGyopNnVovPdNRj2rph9b-zkMxKGjv653JExUTpOS93vH0VrXX3W2zx3BXNK-iLzQ,Yonassan Gershom,https://play-lh.googleusercontent.com/a-/AOh14GiIoMxizYB_E6UWlf9QxD0uruSJm7G-1WS7BOZJ5g,"Up until now I have liked this app. But whatever they did in the latest update, my keyboard will not stay on screen on my Sansung Android phone anymore. It pops up when I touch Tweet, but as soon as I remove my finger to type, it vanishes. Arghhh!",3,233,9.19.0-release.00,2021-11-16 21:04:38,,
62,gp:AOqpTOExfTXFY3y1-LJW1OwbnPImHvTnXWDRg1a60QxG_OeY5Ugy5YoMy2IofcN1RX-OuG9vBRNiUtHZSDeaMg,Sealy Boi,https://play-lh.googleusercontent.com/a-/AOh14Gho27mqGBPwWIK0e0IQX6KazO6mdgvNY61MpU_D_Q,"I highly dislike this new update. I don't want my notifications to have a limit, otherwise I'll always be missing on a lot of stuff. Please either remove thr limits or just add an option to set on/off notification limits",2,12,9.21.0-release.0,2021-12-03 03:28:08,,
63,gp:AOqpTOEoXmoGbspjgg6DujB6Q3auqBGNImX7FRNBIw1kvRrRstTDlJdbb2KT6knhBhPaM027xdEJ1bf2y6_7VA,Ashley Guardacasa,https://play-lh.googleusercontent.com/a-/AOh14GjE4ikWj8byTh2tQCzB30gDnunmJWHSiZqFgXHf,I would give it 5 stars if the quality is good but it's not. I can't reply to my own tweets for my au and my internet connection is stable. Twitter please do your best to fix this. I've been trying to post it since last night but it won't let me. It's getting annoying. It took so much of my time. Such a hassle.,1,71,9.20.0-release.00,2021-11-23 07:53:59,,
64,gp:AOqpTOGyHkM8t3gmeh_IKyv4ebPcvILNMz8H8QsCXCcQ15bF-s3LzOA4QA9OMaF-3JHCIo1jpDDL25fYZ3dV7g,Annie Chiang,https://play-lh.googleusercontent.com/a/AATXAJxhWOvI851XY5OEyM8Hqh1-92VcjmwEphFl-yrY=mo,I accidentally deleted the app from phone and after re-downloaded it... my draft is gone and even my BOOKMARKS is gone. I try to search for help or file a report on your help centre... but there is nothing for this... totally no help at all... how come BOOKMARKS will be wipe clean after deleting the app... I thought bookmarks is a safe plc to keep special and memorable tweets... this is so disappointing :(,1,100,9.20.0-release.00,2021-11-18 03:28:35,,
65,gp:AOqpTOHuY4UHB3hIUWDahRJPA9fjDVjVZ66DrwVZLcwg4jmC7Qnh357dvn7s2RGBHpI8QfVmTFV82pvLqquIiw,User Google,https://play-lh.googleusercontent.com/a-/AOh14GhvCLn-Jcea4eXCnBWKyDJO9uyWd0JJ3JU_77Wyrw,"For ALL the profiles I clicked I get ""The term you entered did not bring any results"". For ALL the tweets I clicked I get ""Cannot retrieve tweets at this time"". But the web app works fine. Reinstall does not fix anything.",1,37,9.20.0-release.00,2021-11-20 10:45:32,,
66,gp:AOqpTOFbejVT1Z2xs3mf3R7zTghpS8bBybYtNx7C6Zh68pZCkmvsLA-210Drs7SbHfGSLcs2yMKmXhh-7ePRPw,Sloth Belly,https://play-lh.googleusercontent.com/a-/AOh14GjHo-EptSmTU-sj9V2pCT-lRi_3_ud0ROS9Odpgpw,"why can't i see the tweets beyond days old? used were able to do that, why you changed this w/o telling us the user? the ‚Äúwhat's new?‚Äù detail tells nothing and not helping at all, what are you doing?",3,2,9.21.0-release.0,2021-12-05 04:49:40,,
67,gp:AOqpTOFNbCCOxqs0L0QrS7OH3617yDj9VI2jRTOznjsRivAiOeq7e3KDVmJ5PCfnF_V1Pv_tNXMOFIYOiZLezw,Ryan Anderson,https://play-lh.googleusercontent.com/a-/AOh14GhFv0rcadTdnoMzKPRI2Ni0ZKXt1caJNEOIazLDyw,I'd give Twitter a 5/5 but they won't fix the bug that causes constant crashes when liking a post with video playing at the bottom of the screen. This has been going on for months. Test your software!,1,35,9.20.0-release.00,2021-11-30 07:20:32,,
68,gp:AOqpTOE0NYRbZdkBl0bGpc87-p-pSeLphNiJbSjPYVXIRhfF0QdIxBy1YNyaoqUq2da--X1L9sw4SE0-PZrPrQ,Stephanie Snyder,https://play-lh.googleusercontent.com/a-/AOh14GgIqvBzuhjl8r_ky7D0DzK4MvpD3j3bxNNY8rv-Kg,"3 stars bc the app works great for me, but all the links in emails are bad. It takes you to a page that says ""nothing to see here - yet"". What is that? Please get it working again.",3,27,9.20.0-release.00,2021-12-01 11:11:54,,
69,gp:AOqpTOFC3fdsRwGvo95aJu-G_8B63TiPmPgm7QN9hYBWQSbiJlgqVWVSI6Jpjmurnbar5QaTCh_1BtyvlAOMRQ,Andrei C.,https://play-lh.googleusercontent.com/a/AATXAJyRHVvL6HR3tvGwyx1xwBiqAKa70FfUxEm_JyAy=mo,"80% of my feed is made of adds or recommended channels. I follow only two accounts for the moment and instead of seeing the full history for them I see a lot of recommended junk in the feed. The UI is full of junk as well, not clear as simple as it should be. A lot of intrusive elements floating.",1,42,9.20.0-release.00,2021-11-22 11:48:54,,
70,gp:AOqpTOED5B5RSwwVfsufJdESD4T3nUSw-OQqrNx1n8WiIW7vv333leU8ORbrzV8uk9E78_50B7DN18W1NclrSw,Karla Boriƒá,https://play-lh.googleusercontent.com/a/AATXAJzyFTycsXL5UdSOuQV2uW-0hKGV3y_KTitsCQHl=mo,literally impossible to use without freezing and crashing for the past 2 days. ive sent numerous reports. edit 12/05/21 it was fine for a bit now back to crashing constantly. please fix this app omg. edit 16/11/21 yeah this is still happening,1,77,9.19.0-release.00,2021-11-16 14:58:59,,
71,gp:AOqpTOEhW5rAWl9LLcb5x0N96XIP3kTxHvsVqtEwC9hvX35QIJVHgNwCpFJhwIFD9AY9v-mIBfxT8r-VOpLlOQ,Ruby Rat,https://play-lh.googleusercontent.com/a-/AOh14GioGBe27qKWw8uMMIBSUbamdelxNxj47qw1BL6nIg,"Every image I choose forces me to edit it, meaning I have the same image in my gallery Every. Single. Time. I. Use. It. I use images *a lot* and my Twitter experience has been practically ruined. Worst update ever. I am still going to use Twitter but I will narely use images.",2,221,9.19.0-release.00,2021-11-13 02:54:42,,
72,gp:AOqpTOEVWz6IXHJfkdGYRAELy5WFBzjr7ooBAJfPdMf8zoqFceB-M6sEIUBirj81ylknHeUwH7iOenAgxWLZXw,Kaylee Smith,https://play-lh.googleusercontent.com/a/AATXAJyoJQOtGUotvcHqsrRhecJaCCtYOR-wG8mHoy0S=mo,Way too many problems. From randomly not being able to reply to tweets. Failure constantly for no purpose. Nothing wrong in my responses twit just fails them. In paying for your stupid subscription.. the least you could do is make the damn thing work properly. üôÑ,1,75,9.20.0-release.00,2021-11-19 11:25:09,,
73,gp:AOqpTOEFjLsRl3a95NH7qItHUgBMq1bideO_vvfFuqRu3luWcHS2mu2wSL4QWEqQxWX_jrdVP3dDb8YcehpPzg,yapot,https://play-lh.googleusercontent.com/a/AATXAJzUfkDQOu4BUfwBaHzUO_EfHMhOhfCHz-yGsawt=mo,It has been 3 days now. Not a single picture nor video has loaded. No matter if I leave it there for 10 mins. I'am quite honestly beyond pissed right now. Even the pfps not showing up. Not a single image is showing up.,1,181,9.19.0-release.00,2021-11-12 14:29:24,,
74,gp:AOqpTOGBK2TZGiZaJ3NlLW-9etS1cOWeA30M5NjPhlcgmo-ayjMOnMCig2Vt2bO2b5OWNEDUgLQTyzdb44JaJA,Nadina Hermine,https://play-lh.googleusercontent.com/a-/AOh14Gj6-iZ2dpx4lMZCPbDFiSKUSXDHqLMi7n_aISTZ1w,"the more I update the more it's getting worse. the notification always pending for hours, and it didn't show anything even if I refresh the timeline, or clear cache. please fix it.",2,56,9.20.0-release.00,2021-11-19 22:08:22,,
75,gp:AOqpTOH014YEpcUvqjunOkPuFWDEQZZFVCTd0oTtzUQTJt8s9JACpfeuTo9LPvJQyFm5IiGA4ZVS4Mc5htHpag,Philipp Rudolf,https://play-lh.googleusercontent.com/a-/AOh14GhCc_HQ2-FbWBD7GoZgE_2H2PIPlQrTQ_oCc2tZKA,The new way of image editing is so annoying. Why are there random borders on all the pics? Why does it keep redownloading the images I attach to tweets even when I don't edit them? I don't need them on my device multiple times :/ And why did you remove filters? Please go back to the old version..,2,127,9.19.0-release.00,2021-11-13 15:11:53,,
76,gp:AOqpTOFfUm2byx20S1MED4OH0GeptPx2wHNF0oGYkPAtqvrteX6RgE_9dsLMTccazby4h43lP_zlTftn_0TGAw,Angelica Mae,https://play-lh.googleusercontent.com/a-/AOh14Gj8dquvsatLYr4xV5T62Fmku54XZznLPqSN7jroYQ,"Ever since the latest update, everything sucks more. I can't view any sort of media in the app even though my connection is fine and so is the other apps I use. I already did all troubleshooting steps but still no change. Pls fix",1,131,9.19.0-release.00,2021-11-11 17:45:04,,
77,gp:AOqpTOFx4_stcKS4obNngsMapJg7K7E3I6ZM76qiJNfrIJK25_eJ4fFl-3bgPtJHAdOzTooK_XCgUi2b01a_tw,CoLe,https://play-lh.googleusercontent.com/a/AATXAJwvzW9qVDlRcfoDnGAZ3lXcLUbm8W-N60zKbjyd=mo,"Fine. Does what I expected. More stable than accessing the website via a browser, but I hate when it jumps to the top of the feed when I return to the main thread from replies.",3,14,9.20.0-release.00,2021-12-02 04:04:39,,
78,gp:AOqpTOGGNvzYs1SF_MKt3ket1QTF29gtyYAkk82GoOP_CuoPsOsAIgNdZjcIEGaE0U-Ma7BV08n36ciOYTsxag,Seto S.,https://play-lh.googleusercontent.com/a/AATXAJygE05fUdMz_IqKWSA1Cf07iIsAIR16O8vti_Rp=mo,"The idea behind the platform is definitely original, but the management of it all, which must be complex, is poor. There are many indications of bias for certain political positions, including tolerance by Twitter of overt hate speech towards certain nations.",2,41,9.20.0-release.00,2021-11-23 09:15:06,,
79,gp:AOqpTOEd8MhG5ZzLzUofDOQh96k7mUcEKJhIaVyZknUhlQwhWRysRuxOyPLZ7MipEa1Q81DYv6HZ4lSQA0TG4A,Porshya Taylor,https://play-lh.googleusercontent.com/a-/AOh14Git5rfNMPAC68gMldH_MBLU27YTbbUhS8UlBbui0gE,I wish political figures were required to cite their sources. They can freely write anything on researched data or history. Update *I hit the end of my timeline often. Nothing refreshes just the same post on repeat. *,1,30,9.21.0-release.0,2021-12-03 18:15:18,,
80,gp:AOqpTOHvGY2ttxqcxt1KqgDnwLhXWM6JXnSlgrqlwXGwwW8eNrpgEcQuaDwaMHAkq5PZPl1ywhvP6MzE8nRoCQ,Will Keffer,https://play-lh.googleusercontent.com/a/AATXAJwNthSpQqCa8KwNduQnFP2sp_ioFq5UmIW78OFx=mo,"The app is fine. I'm hooked on other social media more, but this app seems to do everything Twitter is supposed to do, and it seems to do it just fine. 5/5 stars so far. *****",5,26,9.20.0-release.00,2021-12-02 22:53:47,,
81,gp:AOqpTOEK7_c7KUG1u7r1kiKzaljkwAn5A1cxM5TtLOUmWtSEbb9ZLRyffCnC0nWHQj78HrtXGApvlxnXcLS8Lw,Joseph Wilkins,https://play-lh.googleusercontent.com/a-/AOh14GjDD0uj6kIthljqWEFytNj5G4dHlHG4mB7ft4Zafg,It's obviously a great platform. My personally am trying to get better with all social media for my business and marketing. I've made several new and valuable business connections for things I'm trying to learn personally.,4,51,9.20.0-release.00,2021-11-27 03:43:28,,
82,gp:AOqpTOHfyllrrgfQ-Je5o6csM4ukkL_DXoYkHcVuSeufVF0W0aq1K9CL4PZ_6EOiwzzcskYrmI1SRykpxaDGGA,Leslie Ann Macaraeg,https://play-lh.googleusercontent.com/a-/AOh14GjbxnlhqyGhZjsszwHJBlD7-cfY1zg9n8YXDrST,the app is amazing you can actually update and you can see all the post but there was a little bit problem its lagging i dont know if my phone is lagging or the app and sometime's its automatic closing and cannot open but other app is i can open,5,15,9.21.0-release.0,2021-12-03 13:32:05,,
83,gp:AOqpTOGpSciFRvWa0gxG-VxY6X5wHVVuwFwDen86HkFesAT0OCKGz-Zc8b7A6xjmw3rV2b-p2HENpQgFcN12fw,Taniesaz,https://play-lh.googleusercontent.com/a-/AOh14Ghq_4DvPZvfjfDZHVhL4-83mJmaElOxiJcaP-tcxg,"I love using twitter, but i would like to point out regarding the LISTS that I can't seem to add any more accounts in a specific list. I created a new list, but it doesn't ""add"" them. Please fix this problem.",4,51,9.20.0-release.00,2021-12-01 21:13:46,,
84,gp:AOqpTOH889gakfUA3tV89BUroAoFio9ANNENdTXPImQ-aE9eLDh4Wkifjsknw3BtdrQqXuUlYUwb_YkYzwXEmA,Humaira Alifah,https://play-lh.googleusercontent.com/a-/AOh14GgVEUHmfwuTL_jyYAIGHIZimwJbK8Yz-2X36IkUZ9k,"this app constantly reinforce useless updates while not being protective towards its users. reporting system is automated and often targets wrong people. innocent accounts often got false DMCA claims, gets suspended for wrong reasons, and gets harrassed by the accounts they already reported. fix this damn thing.",1,34,9.19.0-release.00,2021-11-18 05:50:48,,
85,gp:AOqpTOHGS3uM3_muXU-QixLsn20UcHZ3_pRAhWkJqQXbz9UCwIZgX-094O62qPsqvJQnXUYRYPlAnO6r8y5nDg,Juan Matteo,https://play-lh.googleusercontent.com/a-/AOh14GiGhjMUF6bjcz5RJfzafBNVGHrUHZA3a1IayGtVdQ,"The app has a constant tendency to not show images and play videos as well as not responding. Now recently, whenever I reply to a tweet, it shows that it failed to send even if that person doesn't block me.",2,48,9.20.0-release.00,2021-11-18 10:58:20,,
86,gp:AOqpTOGR5VR3lmPrxF9e7tlG-XmG1CFntMjERV2q8hQ2Eb9JrWcFnM2JaENegeE5TSsR9axl3qgpH94DpSem5w,M .Queen,https://play-lh.googleusercontent.com/a-/AOh14GgN_U89rLSNRodA8w-uOchVZY0ih5TzrAujzIFHfA,"Am really mad !! It's been months whenever i try to open notifications the app stops and closes !i tried to log out, uninstall and even changed my password ! Nothing work",1,0,9.21.0-release.0,2021-12-06 04:02:23,,
87,gp:AOqpTOGy_Cvjk6UcmlLeGYZnJmUGq1VjAwXhmqbCwI_kgLv6uqwEY32frTmtKSlAIJfUaJLlIFcYEqH-6bb-Eg,Yames Saves,https://play-lh.googleusercontent.com/a/AATXAJy5WNq4bl6Ruf4ISSN_djxZ0PWRDP-84eeW-bmP=mo,Buggy Update! The feed doesn't continue to load. I scroll down a bit and it just stops? There is no place on the app to report in app bugs. Using Galaxy 7 edge fully updated. App updated as well.,1,41,9.19.0-release.00,2021-11-20 22:50:25,,
88,gp:AOqpTOHPQUdSNlV5tohjYNOXKWcQKKFMZOrXQFGXkxVI5_wd1PgzmYPkb119SevBFPVc6Yle_GbVX5wIXY2o4Q,Lexxus Pe√±a,https://play-lh.googleusercontent.com/a-/AOh14Ghf5Zu_brvxV8bzL51YSR4V9bciu40M8nMt74ZF,Seriously this is insane. I can't scroll on the old posts same as I'm logging out ALWAYS even tho it's always up to date. Y'all needs to fix this.,1,15,9.21.0-release.0,2021-12-02 14:29:23,,
89,gp:AOqpTOFkD6BGu8yy-M8a4nVT7eB8Qvkn7TA00p4BCPyEFFD-LImtog3MKv63RrCGjiysxRXqkmoRh2r7h_Z65Q,Rachel Courteau,https://play-lh.googleusercontent.com/a/AATXAJy0k9pep5Feb96H3_QksN9mhWaAoiK83xMVo2Ru=mo,Really like twitter; user since 2009. Please find a way to determine who is still following you or not without going through list over & over & yet never able to see all of the list. Thank you. üòä,5,23,9.20.0-release.00,2021-12-02 22:24:53,,
90,gp:AOqpTOEDEgzUU29mAmI0fHG7X1AzQDF_VQM3UzO9Fn2yfrgSxso675ss4G5h1fY3-Sw60u7ontV-eHxO6zUmrg,PhoenixW,https://play-lh.googleusercontent.com/a-/AOh14Gid6lM7wLgsbNA6e-jp6pk5GH8LvEOveZvZpxQ7,"Don't like the update got rid of all notifications on the page to a limited amount shown like 10-15 u can see but not the rest, better staying pc for update where it works, or newest tweet setting on the home page will give new rating when its fixed",3,19,9.21.0-release.0,2021-12-03 00:11:03,,
91,gp:AOqpTOG-1OJ3xJGTDWokl59TruTy3YEqYKwIzjLYujIw9hPY28ca48OMgwMzbu4ETJ9y-31_5J77Xbah5hqKQg,Dana Candiong,https://play-lh.googleusercontent.com/a-/AOh14GiDb6RSS8j3PBtG7vfs_PuIVM5qpfyGLOqNm0We,"There are so many copyright trolls that are targetting our fandom. They are submitting copyrights for pics that is not theirs. And twitter granted it. The fact that one pic was from the official account, it is a big problem. Despite alot of complaints, even trending hashtags, twitter doesnt seem to fix their system. They didnt even look at it carefully before making copyright",1,47,9.20.0-release.00,2021-11-19 05:37:52,,
92,gp:AOqpTOF8MwZatkzgyY12HengRMDYHkEL2rFOZkAf3PBgvrHjTaxZotyYEYcYaojre_dgbEy3JAxxqBsg_d-OFA,Tabitha Tabz,https://play-lh.googleusercontent.com/a/AATXAJxAJDI5_DFWp0oLQYLhXgKOI5747r9OZkZYT4bA=mo,"I can't log in after I log out unless I uninstall and reinstall this damn app. ""Oops! Something went wrong, try after some time please """,3,57,9.21.0-release.0,2021-12-06 11:10:49,,
93,gp:AOqpTOF4HSpJ8OiUid2IoTRuKURSG2-bDjVbbuDH3M_FUh3tGKNsFUbUZKRckSUa-KoMzw44KAeMy1_ULe9BeQ,Nancy Martinez,https://play-lh.googleusercontent.com/a-/AOh14GieJ0n6tACYcDZCfLyk7-CzFTXEbPNgeCUF1apflg,"I can't refresh my notifs? Whenever I try to swipe down to refresh, it just shows that I've scrolled to far put and doesn't do anything. Please fix it. I've tried Uninstalling it then installing it again",1,152,9.21.0-release.0,2021-12-05 11:43:47,,
94,gp:AOqpTOF3NDcHF-or11sLqFTNtQsyIV9fX--sDaHg1wA1VIJEUg7rFGd_x5C2o40QdfRhgIiMl_n5WAbHqlJhpQ,njk,https://play-lh.googleusercontent.com/a-/AOh14GgToCgljiXpDj5djCksrKvx8Wo5XJd5pHNB7ffq,"I don't know how this app is run, but I've seen a lot of copyrighted accounts even for their own photos. many accounts are suspended for no apparent reason. I hope you can fix it all. it really doesn't make sense.",1,54,9.20.0-release.00,2021-11-18 08:30:15,,
95,gp:AOqpTOECbLok5kt-6ZPAJ5W3H88BFal28p2DWebOzFUDvAFVNXKc5Hq5NEsZ3MmDiep29ZNfnH0pnr2KB_s9Ig,Krist√Ωna Petr≈Øskov√°,https://play-lh.googleusercontent.com/a-/AOh14Ghnq5nSW7dzKbEgv4UFD_x69sAawul0PrF3IiluwQ,Liked the app until now but the copyright problem is getting seriously ridiculous. Profiles are getting taken down for posting selfies of themselves now? Twitter is no longer a safe website if it's this easy for other people to claim your original content as theirs. Start reviewing these claims more thoroughly instead of blindly confirming them.,1,32,9.20.0-release.00,2021-11-18 05:35:33,,
96,gp:AOqpTOH06LOaA6R0FE3O-K-c31O_8A7st3u-d6kDYLzfAdUSKHK7xuRpniZRVdA9qQU4gAjST6fqAhhsEIJr2A,Miliswa Nashwa,https://play-lh.googleusercontent.com/a-/AOh14Gg5FsuvF1tf2EBh_kfm7R6RvUEMH5bMmiyWBbPMgzg,"Awesome app. Amazing. Great. I really like it. But it would be really nice to have the option to remove followers. That would be so great. Also I hate how it automatically refreshes the ""feed"" or time-line it's annoying.",4,584,9.19.0-release.00,2021-11-19 21:24:57,,
97,gp:AOqpTOGqsMH0Nqb4Z_jws3qbSOEhwxUd9D02G7d4PovfQNg-pAbadFnGDmLtCKDIA4DqACqEOkDDFWVhjod06w,Ayelen Alessandra Romero Paricanaza,https://play-lh.googleusercontent.com/a-/AOh14GhoRrFMXywpL1Y5ZOk2ca4cFgpLYz9djxbIyjeo,"Hey! @Twitter @TwitterSupport we have noticed that they have removed the images of @btschartdata due to copyright, we want to tell them that they are wrong since they have not done copyright, We hope it solves very soon. Thanks you!",1,35,9.20.0-release.00,2021-11-18 03:56:00,,
98,gp:AOqpTOHoQIEqIwXtDKZZsMjMj324V6Kx1RLlsDaVJdzSC_TRPBrRQPReUXi_P6Tme8PTXEqZEW9jeH_-IlpnAg,Invalid Lenni,https://play-lh.googleusercontent.com/a-/AOh14GjBZFY6ScgjaO1VderO1fjFHyKN3XbEZ9DjKT1TBg,"This app is very cool. You and discord are my favorite platforms, but a beta (or / and alpha) program will be very nice and cool. I like to reporting bugs yeah!",5,1,9.20.0-release.00,2021-12-05 23:46:28,,
99,gp:AOqpTOGX7wEEKRd7SqctkmvV43Jfde32Iv-c8gZ47VrMyfsV2G_RMB3ttPAnyx48cFsuY5HqUb-mnUCJXdBGQg,Alexandra nicole,https://play-lh.googleusercontent.com/a/AATXAJzU7ZFNNgvf3TvM3Yoy78ePTvPkBgeO7OFK_zds=mo,In many words it's a great app but it is a little confusing as far as operating the website I think there should be more instructions or maybe tutorials as well I also believe that they could do a little more like Snapchat just saying,5,14,9.21.0-release.0,2021-12-03 07:38:33,,
100,gp:AOqpTOEH9tyKIFr3pTj5BBTNK0xqbQmmTK-ehUKnQPvOwOxHcm8EyvJQXjwCEUXHggf4curzR7h7BS1u8_Db6w,Amaterasuu SixtyNine,https://play-lh.googleusercontent.com/a-/AOh14Gg2zLygZoyKuFw1bCstLSIUvdaevr6wC_Bb4jzANg,"Notifications are broken. Like & RT function shows that I didn't click on them, even though I did. Doesn't show people replying to me. Timeline only shows new follows and what accounts tweeted recently, but O can't see their tweets. Fix your app.",1,265,9.20.0-release.00,2021-11-20 18:21:03,,
101,gp:AOqpTOG-H-D55uGQ6eDqH-fuRQoyCFRga_u1dy8_wKc28er8RxWYM0xxSsuI-QML57nwhNbP9e1WrkZaGyRgzw,Tracey Trautmann,https://play-lh.googleusercontent.com/a/AATXAJwg_G7BbtbOFMFkywQwKC0p5ApPXg7moALL-U5M=mo,The only social media app I have and use. I joined to follow tRump but that became boring and predictable. Entered a key word and now I am part of the biggest community on Twitter. I use this app multiple times per day. There is never a dull moment. Easy to use and navigate,5,115,9.20.0-release.00,2021-11-20 18:42:35,,
102,gp:AOqpTOGn9RAvCgrbNjV3jtrIGMOdiLVKNElEszGKEp3di_MOGHiWZuASh1ir7tE1lwThyO8qmaUsYlesSMjOrA,Junaid V,https://play-lh.googleusercontent.com/a/AATXAJwEdCPFXz85qHChOUD1hoKWPTOanN2RrovFWDvx=mo,Videos in the last few weeks take a long time to load and also I get buffering. I've tried using mobile data another wifi and the same thing happens. It's been happening ever since the global issue with twitter last month,1,82,9.19.0-release.00,2021-11-11 20:40:59,,
103,gp:AOqpTOHayEBdY_AWPXT1cpFh69o5vvZiPQtNhxhidKqMKl-oOcwUwuW1f4lg86arl8g8A9Ee9FP7TsSaeTDExA,Jessica Perry,https://play-lh.googleusercontent.com/a-/AOh14GiS0J4UgKrMUmrQ-D2--w6KndVQgagjmDznVIYljg,"Stop with the ""glow up your images"". It causes an infinite 'rendering' loop if I try to pull from my gallery and won't upload the image. Reverse what you did cause it just broke it again.",1,69,9.19.0-release.00,2021-11-13 13:56:05,,
104,gp:AOqpTOFfJnnBRtCNPlBSeJ9C7oxGiTFuNiIeqg6pue94QfHRAjatBYh-mcWEvov-5VWrK80mDjGmNCis0-ZpIA,monmo,https://play-lh.googleusercontent.com/a-/AOh14GgZO3RgzVwrgD9P54CC5VrnRa4KiM7sIIWXDEU4_A,"My account will be automatic save the pic that i tweet. The thing is, i dont want that. Eventho i never edit the pic and just select the pic in my gallery in my tweet, when i post , the pic will be auto save in my gallery. So there's 2 same pic saved in my gallery. Why this happen. Is it new feature? As i 'attach' pic, there will be 'rendering' , while before this got no that feature and its fine to tweet and no same pic will be auto save. Please fix this.",3,19,9.20.0-release.00,2021-11-28 17:50:52,,
105,gp:AOqpTOFKV4rjk6xIeHLD6ZmF49cKIpEpZnw4cIi_pGYXdLRZFrwWo0YtQXb6cqPJVPMdlg9h85dw6tekq3QtJA,Josh Mitchell,https://play-lh.googleusercontent.com/a/AATXAJxS3b3oWoFoFB-ti5SV3x0eO5Y80sdhJY_qbWtfng=mo,"eternally broken image loading...no matter how many times I reinstall the stupid app, or check my phone settings, or clear the cache or data, it still doesn't load images, and I have no idea why.",1,317,9.19.0-release.00,2021-11-13 09:10:03,,
106,gp:AOqpTOEHX8KZxPa7O15j4uy2CrmvqpILmpsW2spT6Nw_Vx4hXT4YPXuKdcdaleH4iKuOjaOOl2_JhJuo5z88MA,WolfSilverOak,https://play-lh.googleusercontent.com/a-/AOh14GgYTAjFwO9ulFGJYKKRQm85fuRoIWloBTKx7C7T,"Worked fine until recent update. Now, I can't reply to anyone, or even my own posts as any replies just vanish without posting. Uninstalled, reinstalled, cleared cache, still doing it. Not worth the aggravation.",1,56,9.20.0-release.00,2021-11-19 04:20:33,,
107,gp:AOqpTOHxXAetuVx_lK2-qXE_wc9aW4I1XJrWFJBVutsm61gelaxWzITofWQ6_YZ6QCuxB1nPxSp_bSgqpV2S8g,Harold Denuna,https://play-lh.googleusercontent.com/a-/AOh14GjG6iCNlwR95cwq5PCA3dydtrir542BQN8SW_D0Fw,It was 2014 or 2015-ish that I was using Twitter. The app improved as became active 2019-present. The *follow list* option is helpful because users are able to group multiple twt accounts on a list for others to see and maybe also follow those users listed. I look forward for more improvements,4,42,9.20.0-release.00,2021-11-18 21:43:35,,
108,gp:AOqpTOHe_URoJEhl_G9h4IHn71_dAFnHcauAhsS-KAQpGuMFacasrXBMhutrFI6w9KGVVzKuV9O4uQ0K4Rkcdw,Phillip,https://play-lh.googleusercontent.com/a-/AOh14Gg7S5zrZu1w-TWw_90jqKuvJogNHxx3_iBZAp1zmyU,"The app lags a lot, and refreshes itself when I'm reading a timeline. As a user, I don't need it to do that for me I can do it myself.. new update,same problem. Tsk",1,1015,9.19.0-release.00,2021-11-11 23:00:08,,
109,gp:AOqpTOESJ5frf_VqxMBmjjCg5H0W_S9xoFDXFO63HKTOIdfw_MtT19QsyKJoOFj1bRbOUqJV2rz8cd5asM189A,N Vision,https://play-lh.googleusercontent.com/a-/AOh14GjNt_VYzFoS9ffkBhEWu_WVhFoNEdQP9mYN89nK,"There's now a problem where I can't reply to posts with replies originally set to ""people you follow"". Changing it back to ""everyone"" does not fix this. I can reply just fine on mobile web and desktop. Please fix this.",2,39,9.20.0-release.00,2021-11-21 20:55:49,,
110,gp:AOqpTOGnoZWUm3ev5Ydutajy8QtZIyJ-OoYosjX5T7VFh_nrABUZ-YqZLhyhswqikJVfWXGwiHw3nvDPgxpWFA,Sombeon Dusk,https://play-lh.googleusercontent.com/a-/AOh14GhMnkcPSv2OIzh8sTGgBcThqHR2d3-Yf_vD1ZRD,"Does not conaider the safety of miniorities a priority Will ban you for using third party mass blocking services but refuses to add one themselves, but mass following is a feature Wants you to pay for upgrades they shouldve made years ago, including accessibility features that should be free, but they wont remove ads Added more ads Their photo algorithym is still broken Randomly removes and re adds followers Still glitches going to your own profile on occassion Reports ignored. Always.",1,201,9.20.0-release.00,2021-11-21 09:26:35,,
111,gp:AOqpTOFg74EmTusSrOzFuYhF60w1flRAarQ96IVJ_AGNmj8mZ18uZj3p-94qvQ3S1oOQjA9nu2eftachgDVR4A,Shalom Gideon,https://play-lh.googleusercontent.com/a-/AOh14GjjK1Sc11Gh2-HKk3hfCOIw5s8-CFx7QBxSEO-K6Q,"It was working well until one day ago, I was locked out my account and told to verify my phone number but I dont receive the verification code, am so pissed right now. Please fix this",1,34,9.19.0-release.00,2021-11-16 13:48:07,,
112,gp:AOqpTOGX0e6pzvO43ZbQi9L46GrJBdKlIRnOo1__XW90I_fOiX7HYAbKQd-qG7Ak-Z9xbG487Iv5xuX2lWXg_g,Muhammad Abdullah Khan,https://play-lh.googleusercontent.com/a/AATXAJzvCTrBZsczJzSec1kttBYKqZpshFoMn5AmbQ9W=mo,"This app is working smoothly. No bugs, never stopped and quite informative... Just needs some little improvements....",5,73,9.21.0-release.0,2021-12-05 13:01:48,,
113,gp:AOqpTOFvV2qtVKl33WbwlB2lUD9h3rvMMcTDt7DIq3TP5nX2K7GJnrXMO5J2lRtpLASYoyg5rVOrdcCgvXPUIg,Cali Girl,https://play-lh.googleusercontent.com/a/AATXAJzjHLEHn5YEH3VDs6_YvuueNIOOenHyP7EhZM_1=mo,"Would give zero stars if possible. Latest update causes glitches, app freezes, tweets won't update, randomly takes me back to top of tweets, reading replies takes multiple clicks, and no images in any tweets will load. Awful.",1,39,9.20.0-release.00,2021-11-25 07:19:18,,
114,gp:AOqpTOFDm2_yxRWjS6zwW__KSGkH4s-fCDW57Pp_FHwBTVsgMeBDEC7ykGGe6XdDsWK-b6-Hn1TKDHgSdZ3ypQ,Benjamin Advincula,https://play-lh.googleusercontent.com/a-/AOh14GgpKxrJGkh9hLpGPpd9PFxKOVuI1h02Q85ZCtDXFA,"Not Android friendly at all. No matter the update, pictures and videos never load. The text is fine, my WiFi is great, but media simply doesn't work on Androids",1,78,9.19.0-release.00,2021-11-14 13:20:54,,
115,gp:AOqpTOEWd2guGM7gwx77uYd9r5iTglBUADY69vDEK6IrxxbPUyqBjBv_lJOtzfgbgScFd3hHIG6StSE9FvZYbQ,Goku Black,https://play-lh.googleusercontent.com/a-/AOh14Gjy4dJlK7LZphcjWiiocQtLPdbycMXkmPt7qrM2sg,"It's an outstanding app but my only problems are, it keeps lagging, there's not an edit, there isn't an option to remove people from a group chat if you're the admin or make other people admins, and they need to bring back the fleets.",5,85,9.19.0-release.00,2021-11-13 07:36:31,,
116,gp:AOqpTOHPNw6jpgDy9RPGSJwIW5vx85j4DP7DsHPP-xDijeLi45y8OGN_A1ruaxPeETpNrYQ924vrRA8aKe_5tg,KING TONES,https://play-lh.googleusercontent.com/a-/AOh14GhBl0BtNt5TgximSlBOQCRoXkM6NBtKrNd8qY0R4A,I have tried and tried downloading different twitter from different stores but its not working. Everytime i try signing in it keeps telling me ''something went wrong''.,1,28,9.21.0-release.0,2021-12-06 02:47:47,,
117,gp:AOqpTOHYwc_BwhU0xiKdjIJ_PWzSY4-i9n82stxgFfU7dPjMPXSQgpaN7LJ6rrTJURlGhO0q0eIhb-w9V_yIUw,Ovaj Lik,https://play-lh.googleusercontent.com/a/AATXAJz0E8fgPRdpsibsZ4KRiiWPnY01xuxGDr6IeBxF=mo,"Good app but when I go to post a video/picture it saves it once again in my gallery for no reason. Also, it would be nice if you made all the albums in the gallery alphabetically ordered when scrolling through them in Twitter app (When you're about to post something)",3,161,9.19.0-release.00,2021-11-16 18:21:33,,
118,gp:AOqpTOGIcn_684UgaMAK0XAezNBKgZgti1d6t0ZTyvRas2Hzt6mGSKyvTv4xfyRZ53Ml_t0lA5_H4Kq_-JuCHA,Ari H,https://play-lh.googleusercontent.com/a-/AOh14Gh3BknUOKR3GBmbCHsgSQ0pWO6_aUNQiuzVN4cN8XE,Lucky me! I can't reply to tweets now! Everything fails to send!! Fantastic! More breakage! Why can't we just leave apps alone when they work?? If I could rate 0 stars I would,1,50,9.20.0-release.00,2021-11-22 02:03:43,,
119,gp:AOqpTOEBY5_LEo45yuB2fnp851o-4HhTRk0c8Ez2Uma6komLSH3FD4gqNDJEEH7M5Dct4dIIyJJkTTl696poOA,J B Chukwuebuka N,https://play-lh.googleusercontent.com/a-/AOh14GhXonixOzfW1Ccltm85rmWcE_LSiD_NJl572ZrtZA,"I've been unable to access my account. I deleted and downloaded another one but have not been able to log in not create new account. Keep saying ""oops, something went wrong, try again later"" make una d·ªç something abeg",1,144,9.20.0-release.00,2021-11-29 19:11:23,,
120,gp:AOqpTOGz0PAaMUmWtRJI-Zcqa-UZ5jiuOCGCz91Txty0dYUf5uTc8m-qDbiW53_jUcQ9mRpqU25hhtAdosR38A,Victoria Lancefield,https://play-lh.googleusercontent.com/a/AATXAJzwgzK6LyEAWEyT-1pFpa2cuh_DzE19HZW_rxUx=mo,"App is unusable after recent update - not showing me messages, trending topics or even the normal homepage. Occasionally get a notification but when I click on it the app doesn't load. Absolutely awful.",1,20,9.20.0-release.00,2021-11-30 01:56:02,,
121,gp:AOqpTOHJfppDKhJeOTG1RTpjMHnRxDQjuFSY040lkiK45FFfD1jJZl2KG-TPluzue70CevR3IzFydtKhqoynJA,Paul Snyder,https://play-lh.googleusercontent.com/a/AATXAJzBU7gb_kpaA8MIb7zaXplron_kqJcjjhVLOSUl=mo,"What's with all the reviews and not answering back. Pretty sure if I had my social media app listed in the top 5 most downloaded I would have a entire team who's only job would be maintaining good relationships with the general public, you could call it relations public or something like that!",1,38,9.20.0-release.00,2021-11-22 13:14:07,,
122,gp:AOqpTOFhZ7dyWGbT1VoNs63MuNTsQboj1k2q231cRuXPyn3_i_Iaw06PwiwdU8gJdmFzcjFSDxcJ5AdlVSC6sA,Lisa Nowakowski,https://play-lh.googleusercontent.com/a-/AOh14GjVXkw_J0jOkwUrNIQi7_1D8YWe4tJLsb3hsb1Z12w,Tweetcaster is better cause now when I try to post something from this app the keyboard won't pop up and I'm therefore unable to tweet on my android phones but for some reason I'm able to post from my iPhone and iPad. I use my Droid phones and tablets more so please fix!,2,50,9.20.0-release.00,2021-11-18 09:32:37,,
123,gp:AOqpTOE-HJ7YaM8qoG5BcScWW8RwIwkcQcd8w2n74Pf9IBiVmi1nZ67sRWUfwkGQ5jlXh6yQJBNxVTMl04gQEA,FrankieMcButtface 6758393,https://play-lh.googleusercontent.com/a-/AOh14GjMP-i-qgAb-wyB1UCJnpM6TmWYgyHSmKolrBKv1g,"The app is great, I can follow my favorite artist and developers and youtubers but I wish they would add the setting display where you can change the font and the background color and the post tweets in the mobile versions.",1,113,9.19.0-release.00,2021-11-11 09:26:22,,
124,gp:AOqpTOHvq8omaePS9g4ClA2wlgVX5ttdqWFx0glK51gOKRmfZVadSF9eEFZWPKdsIbjNbzc5zfrX4wClPmJakA,strawchocochunk,https://play-lh.googleusercontent.com/a/AATXAJxBJcmwIwG1h4uw4M8w3GF8_Xb-WY5j_0QpQjaH=mo,"i want the old layout back. now the texts are below the profile pic not beside like it used to be. also, the timeline constantly refreshes itself while i'm sliding through the timeline making the tweet i'm reading disappear.",2,27,9.20.0-release.00,2021-11-25 13:39:04,,
125,gp:AOqpTOFUrcsLtARzkfi3bvueJJlJcFqlP9CrDCmJTvaE20QER2YR-yCEfFF4WGwyAf-gipfKFDr39NP7IopBgA,Wade Garrett,https://play-lh.googleusercontent.com/a/AATXAJzR0wh614H-uFTM_mSt7UPaXl_UU66Y_V1oB31R=mo,"Constantly freezing; close, open, repeat ‚Äî remains nearly unusable after months. Logging in using a mobile browser is a vastly superior usability experience.",1,12,9.20.0-release.00,2021-12-01 07:12:56,,
126,gp:AOqpTOEfMBMnrE7jmyIXBKDrAP-kZrTRH8pDfPJ9rbRI60bWIS2R0xBQ_xc3F-wlEJDrLgc_UplVRjNNd3IrJw,Money Man,https://play-lh.googleusercontent.com/a-/AOh14GjqyAf3jQQ3GY6-22OCQP2AQiD_n5QgxQzrzD6OeA,Most awesome app but since 2 days my feed doesn't display tweets older than 1 hour. Who mess this up? Will it be fixed?,1,5,9.21.0-release.0,2021-12-04 01:15:43,,
127,gp:AOqpTOHeevEJCQV2tr2mTrt4tJwmIzRkcwN5hFIDo3NKUeRsXz9odckB5rP5oIVImNYX5Xu60OGXVADf34cmhw,Mica Grace Tabudlong,https://play-lh.googleusercontent.com/a-/AOh14GgJgT9zDeDXADcovpwrtYBX9xK8UqPqlcmExXBVyg,"Please fix your app now, images and videos doesn't load since last night. I can't enjoy using the app because of this. This is a report to make your app better than this, thank you.",1,80,9.19.0-release.00,2021-11-12 06:57:31,,
128,gp:AOqpTOGTVjyWcMNOhS-eiknVZlE6KI_3NGvXzwzvt5r1p-QNHrdfge9ucEnxfxpcTiUyRD4dVc8KGT_6FnXheg,Sean Albino,https://play-lh.googleusercontent.com/a-/AOh14GivIdSpyTuYcRC-BBKGzKZNMNe-GkGFkKXN0SHoWg,Latest update killed the notification tweet function. Can only view the last 20 notifications... That's so fuggin whaaaaaack! FIX THIS!!!!,1,0,9.21.0-release.0,2021-12-06 10:06:51,,
129,gp:AOqpTOHuJeE9RS7Lc5Glox0e9stezg5pdIKa0yU6B-VuWg6s_lyzprAJxtZtCZM8YCqKXxQtNMSCz-F7V26GAw,Good_Noodle 48,https://play-lh.googleusercontent.com/a-/AOh14GjJuC6_IY2KBtcmlmxsNdxSP3ouizsvkwf8Ulog,"I mean i like the app for obvious reasons, my only issue is that its very hit or miss when it comes to notifying me, whether it be tweets or dm's i dont consistently get them. Ive tried to fix this multiple times but the fix was only temporary",4,137,9.19.0-release.00,2021-11-12 22:14:54,,
130,gp:AOqpTOG-rIaHFZRIjsLGhKytzVGsMpW2i6h9GGGWIvUQ0TuLtfVgLAtijTQld2_qEMEiPhBR4pIzt8x6II0SuQ,Nawaf,https://play-lh.googleusercontent.com/a-/AOh14GjaNA3w6AfwijDQuOAPX_Hp8IykaV2HUiQgoDxWEXI,"Fix it! For 2 weeks now, the app is crashing like crazy for me! I tried unstalling and nothing changed. I have a fine Samsung s10+ and its the only app that crashes!!",2,112,9.19.0-release.00,2021-11-16 21:49:49,,
131,gp:AOqpTOE1kny4KjUbgKdyAV9JodJGc-1tH-N-FBAgtLlRiYx399UbBWfnXmC-ST6lX5dNlWamXG9wN0HiVQH6Qg,Sealenea May,https://play-lh.googleusercontent.com/a-/AOh14GjCWL1LNpQJ_jjA5qXkQ9XE_7bIFN4y5a5i5z5X5A,Overall I like this out however I don't like how it's not as good at exposure as other apps like Instagram. I would like to see more content like stuff I've already liked without having to actively search for it.,4,52,9.20.0-release.00,2021-11-20 03:42:12,,
132,gp:AOqpTOGfEyyoyDG30WdUQ46JKAGtFpfb4etShzErjlSS65jPHLBd2BqTcy-VDZiNq5qivpsaeIC2UTv3BigXAg,Meme „Éü„Éº„É†,https://play-lh.googleusercontent.com/a-/AOh14Gid8qglzUlFum6oQcfPG3MYXhWoGepLbHw08u3Y,I opened it and it doesnt show any pics.. Since yesterday i cant access any kind of info why pictures cant be seen on my nf.. I had a good wifi.. Not in battery saver or data saver mode or anything but still i cant view any images.. Its such a letdown its so disappointing .. I already clear the cache and data.. Off my phone for hours and still nothing...,1,89,9.19.0-release.00,2021-11-12 14:57:04,,
133,gp:AOqpTOHp539Uge8xxy8YIxqY3tGwzICdguVY78Ht-ex-0cAe5FTjKWS39d2G8D2UMD-3GtJSmeaLdfEMr60Veg,Mizu Lui,https://play-lh.googleusercontent.com/a-/AOh14Ggx-lMYHgfABzyWwKiZP-3YMKBTNc8c6eWmWqoC,"For some reason any images or videos that appear on twitter doesn't seem to load anymore. I don't if this is a Twitter problem or my problem because everyone seemed to still post anything just fine, but for mine I can't seem to load it on my end.",1,96,9.19.0-release.00,2021-11-12 08:31:35,,
134,gp:AOqpTOHoH0i06vTUXc6q_Rr9WBBF_fLcICh7wE7pO9Y8HZ5jXOE8Lk9x1Wtv17ZbM4KqXtZN7qJYQIEcuL9IGg,–ù–∞—Ç–∞–ª–∏ –Ø–Ω–µ–Ω–∫–æ,https://play-lh.googleusercontent.com/a-/AOh14GjhJpDN_Ns_0GBFWpYJadqV7P6Fy1nFWi5IdAUGfg,"App is buggy. I was ok w/ constant crushes , but the last time I pressed ""delete"" for the tweet I wrote on emotions. Guess what, the app said it was deleted, in fact it wasn't, and I got suspended for it later permanently. The support is horrible. They ignore everything you write. Getting back your account is impossible. While the people you report for harassment towards you are never punished (there were direct harassment reported many times - ignored).",1,54,9.19.0-release.00,2021-11-16 15:57:02,,
135,gp:AOqpTOHk0SB0TJhA6CvhQX4knxn7DNQb3GROrUs2lRiBnjazKGNe7D9Jt96_Cbc6E1pWr8EARY_viDxjUAMAig,John J Kelly,https://play-lh.googleusercontent.com/a-/AOh14GiUl2by4OcK8lMQtORPN9784B7vAT_Hwl2EAlgmzw,"EDIT: it just keeps crashing at the moment..since its last update..so pretty useless...not sure if its a hardware issue or software..firmware i suppose, we'll figure it out. I will review my review when the issue is resolved.",1,50,9.19.0-release.00,2021-11-15 04:49:04,,
136,gp:AOqpTOGFhFZQbXGi03di9ymYABBv8LDUVcHI8Ztl4CHVbFtFWBlI5bhNwJ-yn0tBVRl2xd0ylQ8tP1Y6cotZGA,Tupolev Tu-4,https://play-lh.googleusercontent.com/a-/AOh14GjIE6xGkp3XEMG9HLe_NXalzQcan3Vaw_DpVkK7nQ,"Works, and are definitely trying to make sure all accounts are actual people... By randomly forcing you to put in a phone number if you use an email to make your account at random...",3,20,9.20.0-release.00,2021-11-24 06:40:43,,
137,gp:AOqpTOGo6plPHk2xXB7Uk_ydxpn827gPFLS5YDewdDRYVNfb6QrIUtonDTqx-EMLSW6BvyYZa5T--ive2wXnYw,Peter S,https://play-lh.googleusercontent.com/a/AATXAJz7zUCUf--0F_5uqsK4fLCI07xsIpUTnEmN2PVQ=mo,"Ok mostly. Have an issue with my daily email. Comes in ok but when l try to access the link it just says ""nothing to see here.... Yet. Also not able to contact twitter with this issue !!!",3,18,9.20.0-release.00,2021-11-25 14:50:57,,
138,gp:AOqpTOG3Ztbx7QKeY1fd73bckFjS66RfuS1W5yf4-ByRpK4I8tr4f875ZmLZ3F6V5qszCrP_ftO9jpfR-kPp1g,Smol Pupper,https://play-lh.googleusercontent.com/a/AATXAJzKrIXLhcnM3rZR494R8aywWNy0OWiX6nWKeM3Q=mo,"Every update seems to make the problems with this app worse. Won't load threads or notifications or likes or followers or pretty much anything unless you clear cache and force stop, and you have to literally do this every few minutes.",1,165,9.20.0-release.00,2021-11-17 03:35:52,,
139,gp:AOqpTOH9KjAw5XBw2NI1YBpD4Vgpz8qZA0ZTFtfOWHIgjLLqF1S1-VZxbvY0ERdZJTDZyIejt57tmurZeGie8Q,Guac Egg,https://play-lh.googleusercontent.com/a-/AOh14Gi6bgKGzQu_cMsYwyhVdb973weDusRf8LOnRT92oQ,Very recently I've started having issues with viewing my timeline. I'll scroll down to see tweets I've missed until I get to the bottom and tweets no longer load. This never used to happen and now I can't view previous tweets or things I migh have missed. The new update did not fix this issue.,1,85,9.20.0-release.00,2021-11-17 20:23:32,,
140,gp:AOqpTOH0H6ehzi8STW85rnvrVQU1_K3ddNf2oXiJZwMS9r9I1g4071AJ8Gyaohlj6jjN-11nN_HFQ2LHhha1cw,Irvin Delgado,https://play-lh.googleusercontent.com/a-/AOh14GhPFUXNiW3uexgrMGX7B_SY7w3gBRTmxzygbfDNYA,App has been messing up for months. Every once in a while I'll go take a look at a post and its still messed up. App is up to date so I guess they just haven't bothered to really fix it.,1,31,9.20.0-release.00,2021-11-27 13:07:25,,
141,gp:AOqpTOGFHV9lmVadqIZhTv3trGf_UUByWpUzuu9Ry8Yc5cYeol3OCw_s9yIKL-v4UVaxl3aykZb1_7KDhJ8F4Q,Madxies Plays,https://play-lh.googleusercontent.com/a-/AOh14Gg3XOxak3rEYqaBO8fgWOCayJFW6JXaEAmIUapkRg,"Please fix your notifications and your ""unstable connection"" it keeps undo-ing my likes and my replys in tweets can you please fix that fyi my internet is good.",3,7,9.21.0-release.0,2021-12-04 21:14:56,,
142,gp:AOqpTOG5G7UwRvmqVWgnY9fQqWrtGGr2xdziiae4LUCyIcmD1aONceQ6UymIN_r1RQkS1SkO9q854opK-SSjPQ,Julie Nye,https://play-lh.googleusercontent.com/a-/AOh14GiBIK4uft4oRwstG5JioUf1fXv3E_x62jJAcNk4Pg,"Used it fine until most recent upgrade forced me to put up with Spaces notifications. That single thing just prompted an uninstall. Twitter clearly doesn't give a rat's derriere about our preferences. Sure, it's their platform, but this is just plain disrespectful. Done.",1,1,9.21.0-release.0,2021-12-04 02:37:43,,
143,gp:AOqpTOHOxUHWPidd1N4ij-VcU6XURgDVvULa12Bk3MCUt34waSetSvb7D222ailinsYIqTJgeStR1sxkjHpyyQ,Dylan Doering,https://play-lh.googleusercontent.com/a-/AOh14Gj-8ntFggM9lHMdtslOQsSceN_qLdWUSeMkP4nJj8Y,Notifications for users that you are following are bugged on Galaxy S20. I can only scroll for a little while before the app just stops me.,2,4,9.21.0-release.0,2021-12-03 20:03:40,,
144,gp:AOqpTOG9T3UzPtqcievelKHvRLq2kQcICDhzj8N7BiOp642WxpoF-aXIXKVtOgEur1-tgYv6D8WnNRU6ySSWOw,Nico,https://play-lh.googleusercontent.com/a/AATXAJxFhsy9WqDu57fFt4P_2hkTA80fnSGAVu3kUDKF=mo,"The app is showing me the same tweets over and over again. I dont follow many accounts, but if I get notification that there are new posts on my feed and I scroll up, somehow Im shown tweets Ive already seen and scrolled past. Multiple tweets repeated multiple times, like why? Its so irritating.",2,35,9.20.0-release.00,2021-11-22 03:35:06,,
145,gp:AOqpTOEqAH4RCX1Sx5VIpiQJT__Wd4MO19VhP9zbHQN17p3KHljlb3sWMXE7k7LyQnGLDbA-qzRSqlvgZFVzGg,Thio,https://play-lh.googleusercontent.com/a-/AOh14GjZ6jZrZgeKPGBuBVUWpyY4syj0HsCKl_gbQkz-Kw,"Kept refreshing page on its own while im scrolling, why i can't load older tweet in the home page? im not amused by this, the older twt didn't load and kept coming to the dead end to ""."" Please fix this, thanks",2,82,9.20.0-release.00,2021-12-01 08:42:43,,
146,gp:AOqpTOFWejgBzhmIBvEwFGAIjnFvepEFoF2Blyd0SG_qCZPFcEMtyIZRFs4uNvgOidzIzLq0sKb8h1Qx6ZDYVQ,stan Jimin,https://play-lh.googleusercontent.com/a/AATXAJxGlsJRzzjq30SOC9tIMESQ__R6OFvnQPL-ACE3=mo,The media doesn't reload even I had great connection! It's been three days and I still can't see pictures/media and please let me reset my password even if I exceed the limit please just one last chance because I forgot it again I'm sorry please let me reset my password again I promise this is the last. Thank you!,1,96,9.19.0-release.00,2021-11-12 09:49:16,,
147,gp:AOqpTOGX6iEeOE2Bx-2hrSDsqc88U0NyWhoRfyOFLGid_QKJ2wun95_zxl_OBbWuVEWZE1n5L5FE1dLJ8irmDg,Dan Dean,https://play-lh.googleusercontent.com/a-/AOh14GjNjPpX3w-IHzjTtqPVPDPEzt0cMCu_awbwBZ6bqjs,"Frustrating refresh. I will scrolling for tweets. I click one to see more. When I go back to all tweets it refreshes and auto takes me to the top. I don't want that, I want to continue scrolling where I was. Please fix.",2,120,9.19.0-release.00,2021-11-11 10:05:08,,
148,gp:AOqpTOEMsPq_Q9mQSBOq_o1KHOIj52CV-QYlDEZwe5vQNKvjuQ0i3JkuW3QL3wcm8d5HAWWII8Bp2SnY_knxvw,Rhys Davies,https://play-lh.googleusercontent.com/a-/AOh14GgAif-bBX6ZtTYq4pL0tUjWdyR_bAbIeQdJnuUESK0,The app feels really unpolished compared to the web version and the iOS app. Everytime I scroll it has a small stutter every time I scroll through the timeline. Other then that the app is ok but the community itself is quite toxic.,2,21,9.20.0-release.00,2021-11-24 00:50:23,,
149,gp:AOqpTOFpobP0iZC7YS2pDQuANZu-iDSFnFo_ki3VciMtdFvfaEIfsasvcgC2DDvAweB4oM9YNofMSXPGPKEDow,Nur,https://play-lh.googleusercontent.com/a-/AOh14GiMpD-H5FV0Tz8aB4D97rOhsvotzcDdBdQ-wzDr744,"The latest updates ruined it. Can't reply to a tweet while my internet connection works just fine, terrible search results, sometimes the muted words didn't get muted at all.",1,29,9.20.0-release.00,2021-11-19 16:46:38,,
150,gp:AOqpTOF-Af7yBHS5MYQ0BoCoSuhqf58WDAVyaswDW2WenTX1SA-1j3VKEEqBZhNc9C8sbmP6KwlghjNL5ahSKw,Dino Mahic,https://play-lh.googleusercontent.com/a/AATXAJxyW4zMUKwnRsEqe9GM2rKqaxKSuZ3_5pvhrDmm4Q=mo,"Its 2021 and Twitter still doesn't have well optimized app for high-refresh screens on android. Baffles my mind, fix the damn scrolling smoothness.",1,0,9.21.0-release.0,2021-12-05 02:02:34,,
151,gp:AOqpTOEEcqI_F8OJyobjLGnp8xdIOZbg4SjAIaJfu5GrbR9kp_RLmIOBFcIWL_FI8KHZvakmQlidgTcCOKLMGg,No-Bark Noonan,https://play-lh.googleusercontent.com/a-/AOh14GiDsl_M1DXMWv1JvHzOrxkvnsnx13GZ2DTDJw8YWw,"I've been using this app for years. Never did anything wrong, barely tweeted from it, and was locked out of my account for suspicious activity. Now they're forcing me to add and verify my phone number. No Twitter, you aren't getting my number.",1,4,9.21.0-release.0,2021-12-03 18:59:14,,
152,gp:AOqpTOF8e31ZtGvyj1SYd0qpjs0nUrzUptzXURceAo9ky_294kTEYCOpfD3oaoDvk035l8GUhU1w7ghf-HKRWA,Mila,https://play-lh.googleusercontent.com/a-/AOh14GjgD3CHVw5njTmX2yc4sKsAZ3RTpCX3Mf0dMQifWw,"Does the ""see less often"" option even work? From my experience it doesn't. Why are you sending me recent tweets notifs from people I don't want any notifs from? I have notifs on for certain accounts and not for others for a reason. There isn't even an option to turn recent tweets off, like stfu it's so annoying ü§¢",1,23,9.20.0-release.00,2021-11-25 04:35:41,,
153,gp:AOqpTOF99DeA26YrBlgb2bnpOKRtqKKKQdpHdZdoHJ9vF_tY1QY6G4nlK7tXzRb8Mhd_P6mol4OtvBb0M-WnQQ,Merian Roz,https://play-lh.googleusercontent.com/a/AATXAJxAEnKZ8sS1eRPymn6zAGpC0tTjqOP_jDnMdJMu=mo,I can't open the app at all it keeps backing out when i try to open the app. Its been 6 days since the last time the app works. I hope Twitter fix this immediately.,1,25,9.20.0-release.00,2021-11-22 11:56:48,,
154,gp:AOqpTOEUGeyAv52XH7KTiap9RPEHWRkiElOXESjp9qemoX1uByNRXEc_in7YXgq85zQurnDR4bHWjEuVx5HhXg,Hobi Day,https://play-lh.googleusercontent.com/a-/AOh14GiVFxP1uFaw44uU2US7lv5kysXz9PQFDmLUxCa50Q,"Wish you can address something about the accounts that have been suspended by false copyright claims. It's so easy to take down accounts because claiming copyrights, although fake, doesn't have enough process to validate.",1,31,9.19.0-release.00,2021-11-18 03:29:05,,
155,gp:AOqpTOFChLd1CV0EIvK4NBdL32uOkXDpRkfdK8YkTsc0MJ6kWDVL8dTmtrRJSyN_5pVHHVawquuyzFOSiJ2k2g,Levi ackerman,https://play-lh.googleusercontent.com/a-/AOh14GhzH1Qf51V4U137v4Ht0lS0C82cThw2BJTvs9s,"I re download this app for many times, I can't even log in or create new account at twitter, it always 'there's something wrong' even we have stable Internet, please fix this ASAP.",1,23,9.20.0-release.00,2021-11-26 12:58:23,,
156,gp:AOqpTOE5cPMxhnfoX9JqOdYJbZmTkHLFtAo-bHa0MbvKUy7u3ReM75EbYEbuZBKnigGI-vZquKxYbthHHrQb3g,nightshadow lucario,https://play-lh.googleusercontent.com/a-/AOh14GiTnXRDfhAa7O4ChV0-wGdjQ0V43aZ3_yTzo08zKg,"Overall a decent app. My only complaint is the amount of ad's and some small bugs I've noticed, like replies taking eons to send, even when I'm at full bars",4,34,9.19.0-release.00,2021-11-17 03:29:20,,
157,gp:AOqpTOGu0sPlyYv_IyrF0bZ6fOplCTpxHauv2K5B_3uOBjwmHhNLjnHqk3QqatX11vBr0KjJQ-Zh9GwQgwDddg,Christine O,https://play-lh.googleusercontent.com/a-/AOh14GgcA__LcxcY9SwYth10XzAzswsXjMAkRs9pnm5HRA,"I thought I already left a review but I don't see it anymore, so I'll leave another one. The automated system to claim copyrights is faulty and needs to be fixed! Many accounts are getting wrongfully suspended or their work is being claimed by others!",1,47,9.20.0-release.00,2021-11-18 07:20:12,,
158,gp:AOqpTOFIkExzfYlpmzbR4XzcfjrQKqkM-nntBmssq6HJUVH5dkF7BJcU2E86flElsndj-pFOUiTybJ9iH1-Udg,Rakib Pabna,https://play-lh.googleusercontent.com/a-/AOh14Gg6Guv5VAaMLAFY3mgeHMgDOfaw6Ge0RLBSYz4KZA,I always use the app but the thing I can say is that twitter has no protection to its users. Their system is very flawed in term of copy right claims. Even the verified accounts got suspended because of DMCA. You need fix your broken DMCA request process. Twitter making it so easy for people with bad intention to take down account with false copyright claims.,1,635,9.20.0-release.00,2021-11-18 22:23:52,,
159,gp:AOqpTOGdtlymaUdlOpTNaqEnUvRpzUfvgQ0dzDEbu8in0kfpV2dX70AnxOCU8XW32l0t_rRh7ren6ZNaeDRjFg,Ryla Bragais,https://play-lh.googleusercontent.com/a-/AOh14Ghg3nwj8yBLr44f8rLW41ECwcoUqj20fSbf3-I4PQ,"the update sucks, when I'm about to edit my photo it's always black, I can't put any stickers in their correct position because of the black. It only works when I'm cropping my photo. Iniinis niyo ko ha ponyeta",2,60,9.19.0-release.00,2021-11-12 18:03:22,,
160,gp:AOqpTOG2A65xQATJ6taZf0pNjsQe8Nm6Ue7AuSZFfMQ88OPNjT3ZrC2TQGoMWGnML6C-wi8DMSxqwhWdFSv89w,Claire Bernadette Sison,https://play-lh.googleusercontent.com/a-/AOh14GjxfJImasIAnh3mzpv2unnWIQ8k9A5_mvc8kcPt,It was fine at first but suddenly my account got suspended for no reason. It'll be unsuspended then suspended again. I think the apps crashing and I can't enjoy it. Please fix your app.,1,15,9.20.0-release.00,2021-11-24 04:55:51,,
161,gp:AOqpTOHJwMjzAeo8VET2CjtalSCnaUxTKTjorsoVF_BrTFq4q0w8mGQLTtv_sdvBGnRfVfht-_a_f1_l84K2tg,Eunice PangZY,https://play-lh.googleusercontent.com/a-/AOh14Ggk1vSxGmI5QKZfKX-mUwSeE-wazc8EifxPqaTtURs,Stop auto-refreshing when I'm literally in the middle of reading a tweet. It used to happen maybe once a day but now it's happening multiple time in the span of 5 minutes that I'm on the app.,1,183,9.19.0-release.00,2021-11-12 13:48:25,,
162,gp:AOqpTOHPGLQgp26iAQ5X-T_kWp0nzZyAe3coEGr89B6gM7gzNcqGabIuhmiZEdcABijnIP0nVSDCBBQeX9rO6g,Mable pertanssen,https://play-lh.googleusercontent.com/a-/AOh14GgrhY_XxJsFsSl5znEm0mmmSA3QvY9bPlfMjTF18w,"Great social media app, only problem is that there isn't really a way to find old tweets. And the text limit can also be pretty annoying. But overal a 8/10",4,28,9.20.0-release.00,2021-11-22 15:13:36,,
163,gp:AOqpTOGdLattnuIUwgrq7KOZFl6Bd8MLTN2JqsUBbtzbH7RpuwnvpmuELkfBCBNz99hJqNliivH9ZWd4d5tcog,Mike Leoci,https://play-lh.googleusercontent.com/a-/AOh14GgR-w4Pq33-mLgbGFNmR9poSBOVTXcaXDYBV0jGbA,Love Twitter but lately I can tweet but can't reply to Tweets after a while. I have to uninstall & install it to fully work only for issue to come up again after a while. It needs to be fixed,4,23,9.20.0-release.00,2021-11-21 03:57:06,,
164,gp:AOqpTOENpOPxpYWyVY4r-ZAyw7sqe5hg9EjvFRS4CngK60sywl1dpd9kZxQ1vyT2ZvK3xuUcT_ZvD-9VbFIkUw,Keith Cassandra Octavo,https://play-lh.googleusercontent.com/a-/AOh14Gg2WmSPopY7sZP6juL-MO3ACcu9hbZQOYXEyez4UQ,"the new update is so ugly. it's taking up too much space, the fonts, the gaps between the tweets and replies and the pictures are so big.",2,28,9.19.0-release.00,2021-11-16 18:29:14,,
165,gp:AOqpTOFThTQ8cMCyHZpzSAC5IllHS-o7YOrGKcNWK3Nknb_s0fpQ5RWK1A8gOxEdXgG0cAZA5_1300D9Zq1OHQ,Quinn Roces,https://play-lh.googleusercontent.com/a-/AOh14GgC0MB_pDXEnTXD1sqWM28IHoVx_cewGmkuf625Ug,"Fix ur notifications. It always notify me recent tweets from this and that. I can't even filter it out. I don't care abt their recent tweets. I didn't even click any notif bell, I don't need to be notified abt their tweets >:|",2,9,9.20.0-release.00,2021-12-01 14:08:32,,
166,gp:AOqpTOGPh5_Dj6kBNF3PqwT-jCPDeqsaLICdZeGakke9ulzxgJ5smXEKHLJ3XHLm1CdsCI058a94n5O53FDTsw,Aldo Fernandez,https://play-lh.googleusercontent.com/a/AATXAJzGYpgW6hUuxmAEaODbj18pXlHIWaX-HPGJvB3V=mo,It's been some years of craziness but this app has more goods than bad. Enjoy the daily dose of information n other stuff. Definitely good way to stay informed or to communicate with others.,5,64,9.20.0-release.00,2021-11-19 11:48:05,,
167,gp:AOqpTOEru2XM2AVz_4nF4VLdcSON_ujOwtWsEHjEwS_5QfTBI-8l6Bs_xe3hUKYHkHUFj_TvVEgjkKT2WSxiXg,gelassenheit YB,https://play-lh.googleusercontent.com/a/AATXAJwHhsnniB8oMn7RYqHFFnlIjU_PIQdXBMDphUrw=mo,its been a week now and nothing works no videos no GiFS !! everytime i open a vid it gives me erorr playback ?? i can't refresh it and doesn't show recent tweets when i finally refresh it i updated it the app twice but it got worse its so frustrating,2,39,9.19.0-release.00,2021-11-13 00:13:43,,
168,gp:AOqpTOFwePNpNNTjRIQ59X7rUf3utaCDwKsK8dHMGp7-KN6tAPcTbY9r4-BgSNQ8YrFcf73s-4cxbx80u0C9wg,Parisa Sahraian,https://play-lh.googleusercontent.com/a/AATXAJywNK5O5c-eB8TL5-bGUfOXIiFFTCD2CJvM9zga=mo,"My notification is on, but it's not working I even reinstall the app, but it didn't help, it's been like this for 3 days now.",1,3,9.21.0-release.0,2021-12-06 12:56:07,,
169,gp:AOqpTOHGNvKr6Ipq37YdayyV75xpK7B22hw3AeDz_gMi8zAHjBOv8AlLKqFL1C0H7_NQF2nkzVd0F4iwmalfOg,Gregory Monks,https://play-lh.googleusercontent.com/a-/AOh14Gh54eR74PNBf4zDea_Ptun_Ul4MV1ReC0WyVxQS,Probably the best and adult of social media platforms. Content stays relevant for longer and keeps you up to date with issues you are interested in.,4,0,9.21.0-release.0,2021-12-05 18:37:27,,
170,gp:AOqpTOF68W9MpN5auo4nWFULDlXx6XUIEOxEkIpMJ8kkZszHP-BRZdg0eiiCquJSVEtavPihrTxcn1UE30Vl9A,Cvoid,https://play-lh.googleusercontent.com/a-/AOh14GggKSilS3H3tBIwKdPkobjboXAKT9D7mwT1KQa1HQ,"Just a really sub par app, if not for them taking further and further steps to make things harder for third party apps almost every third part app out there would be a better choice. Often even loading in browser is better.",2,92,9.19.0-release.00,2021-11-14 22:11:53,,
171,gp:AOqpTOHxjHNatJC7t-NDRwqbnA7ZyRaj3sa1Ogawp8vLr2b6j3fdITLngpcOAV03Oe_uX1h0tvfDPSdw2GEIDA,for you,https://play-lh.googleusercontent.com/a-/AOh14Gg5P9wEMuI_mf12swiuR-WH6eIt0PaaFYiQZbt7,"It has been super slow and I cannot refresh my feed for a whole day. My internet connection works just fine since I can enter apps that have more heavier internet usage. The problem is the app, PLS FIX IT!",1,29,9.20.0-release.00,2021-11-21 16:34:47,,
172,gp:AOqpTOG0E7QH5l6unspnv-Oj1NsFYpJ2OBF07vnurHNswQSjGnuvGSWVv_JsAArKOkxgx66Wj_OpdBsGIOyHKg,Lucy Homan,https://play-lh.googleusercontent.com/a-/AOh14GhVCqofpzx_43vp-iGsySlqnxwXbrZ8usMLhOzwqg,Still has a weird issue with often saying that Quote Tweeted tweets are unavailable and not even letting me see the link written in the QT. Bit annoying to have to use my browser to paste in the QT's link to see the quoted tweet which I inevitably can.,3,18,9.20.0-release.00,2021-11-24 13:45:10,,
173,gp:AOqpTOHqTTNlgiMIRJUzjx2RNmQ62gv8FMIS8-waLXMlyHBq0hM_50aF253iS3MKhDIOg-LXRsbSZdRkZ6r-ZQ,Chinyere Obierofu,https://play-lh.googleusercontent.com/a/AATXAJy6QIWrR2CL99ZuFclQvtWXTC5nM5wDsRPOQxYk=mo,"Why can't I create an account It's always saying ""oops something went wrong try again later""üò° I can't even log into my other account it's saying the same thingüò† I just wasted my data downloading it twice Useless appüò§",1,61,9.21.0-release.0,2021-12-02 01:02:56,,
174,gp:AOqpTOFCzszdvpS-gLAypCF-Z7ClndKgz7wZkJEryv9OKwp5A-ewQdqr_K7mSmMhmZX_EytZkE9KZpgSrXNCxw,Daniel Chidi,https://play-lh.googleusercontent.com/a-/AOh14GjLr-n0QI4MyGilfds2-ihpmsoUSJlzUTC3tgLtsg,"If your Twitter keeps showing blank, showing connection error. Then know it's a restriction from your network provider. I love this app btw.",5,27,9.21.0-release.0,2021-12-04 04:59:47,,
175,gp:AOqpTOGqomTxNkRX0-vTo3RMesNJ7AqSaIcVxprxcpnKbHfTKkA7SlzqPceLZyO2F5aO153O0VApwIxdqVgHLQ,Christine Mae,https://play-lh.googleusercontent.com/a-/AOh14Ggu7PJvfLhYPnzMqQRcmF3Yo1tqc7adsajCL2Hm0Q,"What's wrong with you apl, I can't see any media for two days straight now. Pls fix it. I reinstalled the app hoping that I'll be fixed, but nahhh still not working.",1,71,9.19.0-release.00,2021-11-12 14:19:18,,
176,gp:AOqpTOENvLTibdAeID_OPacSK0pHObIhGz5HZ67zvzUYvSeCOJaepjhxYPEsWGx4wcWAUMdbOsWhHeymM9-8bg,Onwe Abel,https://play-lh.googleusercontent.com/a-/AOh14Gj9JM4WV-WXhbpdUZ2g_541Y4UUui0nr-gRniY17g,"I love the Audio conversation, but strongly recommend chat should be added we listening may have some things to talk but may not like use mic. You should consider",5,4,9.20.0-release.00,2021-12-03 14:49:44,,
177,gp:AOqpTOGPaW16jfozqD7qpe4hXI2P6VJPMySnHrE1OBtEiC31-jR9tH-24g6ilpvGQWo_HnYN8_95jqGj05Ljdw,Michael Mba,https://play-lh.googleusercontent.com/a-/AOh14GjBD1KjwwPpkI3HGlaKL-8j0BsgTQ4hHo609XGwHyQ,Nice app and easy to use. Has become a source of information on the latest happenings around the world including info for personal and professional development. I love it üòç,5,83,9.20.0-release.00,2021-11-27 14:53:04,,
178,gp:AOqpTOHSvOckUPCHFoa9UZW4VXsJUJ43tNxMXmD7Gu7B6TYcxjM3r1Ub8Y80LTmyPrGtUR2dQ9N5Zsaycsgd3A,Lal Perera,https://play-lh.googleusercontent.com/a/AATXAJwFGU7p9JLk1Gw8JN2Wr51leFY-oVn2vmzkYWlD=mo,I love this app a lot. It is so professional unlike other social media platforms. And the fact that you can just tweet a message without any post is so irresistible,4,66,9.19.0-release.00,2021-11-23 15:39:45,,
179,gp:AOqpTOHZK2zQNi9CDBtVU5WQ67hUh1YmWgorMILNcBA0a59PRDUYXYeyU0xR1RS5rq-p7Ps8uwjYiSGnEtjXug,Jess,https://play-lh.googleusercontent.com/a-/AOh14GitSYogyJMKMZSr5gdjx2X6xfow5y_RVCbMQTdH7g,"Twitter is super hit or miss, but speaking interesting of the communities I'm in, it's a great way to share and debate new developments. Only thing that sucks is the word limit but if u turn that off its just Tumblr with porn.",5,0,9.21.0-release.0,2021-12-05 22:30:06,,
180,gp:AOqpTOGa57RPaZ4rLI0vjTa8mVpNQ-y7OAECm_Y_NKmLrgXneNlM6WUkeWDN_pg1hEK2fs4F72qDLuvl4nP6Lw,Aryan Azizzad,https://play-lh.googleusercontent.com/a/AATXAJwcfveHOICaFC8iyJueVy5IaUhvJAjqqrhYMwko=mo,"It's the best app I've ever used to connect with other people in the world, there are problems, but there's something wrong with progress, thanks to the creator of this program (It's the best Twitter)",5,72,9.20.0-release.00,2021-11-17 16:43:21,,
181,gp:AOqpTOH5SK5kfaCk58cEM9C3zUvzW4qouBxR4IUwDzs0B3p1OxR6HAlpiP4P_DO8FscRm0pBxRc0hGd02zGuOg,Marco W.,https://play-lh.googleusercontent.com/a-/AOh14Gin_s1GrCL4ibelelh4lDvNGQUeTkpB9m9FOmo5dg,"Edit: Suddenly I'm getting a blue notification dot appearing every minute or so, even though I have no new mentions. It's kind of annoying. Great app, and major kudos to the developers for fixing the recent bug amazingly quickly.",3,135,9.19.0-release.00,2021-11-12 03:51:10,,
182,gp:AOqpTOHIAMyJ_XHmbelXMrzsz2MIRejZkmpZsAbC1LhBUhT_M6JIKguk85wpPcU8oR4u6K-xV1I-5ZJOlgs2Hw,Janine Montecalvo,https://play-lh.googleusercontent.com/a-/AOh14Ggq4_SrLD9wfrSmik2k2j--de596YqTmvF8s3bo,The app is not working at all its been two days since that happened. I just updated twitter app again today and still not working. Please fix it.,1,23,9.20.0-release.00,2021-11-20 10:55:08,,
183,gp:AOqpTOEUvU4uVnWYTQ5QZHmUOt-vYVC7spIohEM97l0u1A8UbvcEBbw8iG14w0T3IGW72Ev3tUxIBGGExlD4pw,Hellerwise,https://play-lh.googleusercontent.com/a-/AOh14GiwJTVV1yRjH11i60VZx3W1HgVYCqPQ5t_nPQPjhA,"For a while now when i got to reply to anyone it always says ""failed to send tweet"" i evwn uninstalled & reinstalled the app and i still get the ""failed to send tweet."" Others are having the same issue",4,69,9.20.0-release.00,2021-11-18 05:06:20,,
184,gp:AOqpTOEGD8RZmJcZ3EZX0zhcuaHvdHb6UUUWipLhiOUSEJB2kdqQIzTW0BZkPJzULPyLMk43p0QO7RmqMgVtDg,Michael Snowden,https://play-lh.googleusercontent.com/a/AATXAJzJRfcYd02Theou9AgW7yR53xldsDcLFfx8Uw6u=mo,"WTH, why can't I log out of app? It keeps coming up with a error on loading page....I have to unistall and then reenstall the app to get out of it...fix it please or get a better update",1,127,9.19.0-release.00,2021-11-15 12:34:06,,
185,gp:AOqpTOE5URJab1r6chx8pUZeJGCbnPCPPQSQJNiTRCX8MDAXznnZ4s_NDeVDZaICALLgaIJ89giZLddau0jhhg,RANDAsince1994,https://play-lh.googleusercontent.com/a-/AOh14GivxIf2rxKIfAlWrs2L1-8qm9sfFbjPQdpfRT2a,"A number of artists and their big fanbases are currently being attacked by false DMCA claims in an attempt to ""dox"" them. Several even have had their accounts suspended. DMCA false claims have been a big problem since 2016 and yet Twitter still haven't addresses it or even try fix it. I only advice you all to NOT put any personal information in your twitter account, until the issue was fixed.",1,21,9.19.0-release.00,2021-11-18 09:58:50,,
186,gp:AOqpTOHMAGCzcm3tr8sTjyX3-7SCqHUVpS-AJhr6vdYHi2fOQ86F_9-gf2NHcYtJGVsSQFcvOu-gbSySW2Kv4A,Dan D,https://play-lh.googleusercontent.com/a-/AOh14Gj6Uq_1G57oeEWyrfZP5jkkFgu0xSUMfCzuM_DGFg,"The great thing about this app is that I mute or block someone on my feed that is inappropriate. In short, the quality of the experience is up to me to manage.",5,33,9.19.0-release.00,2021-11-16 18:47:08,,
187,gp:AOqpTOGac07hSDMT5zMM5NzbSNHCa8srm8kVrlWGu7nN5hy5CF6T2HhGJ1JPWVQFObolKZcLQKxkg_rd4m6v3Q,Hexa Tier,https://play-lh.googleusercontent.com/a/AATXAJyiza6-NW7vjh5YcUmN6nrZR1KjgPTpNcr7dDKf=mo,"Most of the time videos/gif can't be played, and it's been for a few years like this.",1,3,9.21.0-release.0,2021-12-03 10:28:11,,
188,gp:AOqpTOG1mDn0j1fyU4Xx-ceBQQkXRFN-23EReXdZnqu3ituGDsGpN9XWTFWS8HCXt5kxqLeivNSWoS-SSancHg,Phil Sloan,https://play-lh.googleusercontent.com/a-/AOh14GhnuGpD1_47z5biRQFa-W7ao77hoChHkZ4un6hCLA,"Couple of bugs since recent update : My tweets do not appear in my timeline, only viewable in my profile page. I can only scroll down so far, then nothing. I cannot see retweets from anyone I follow.",4,29,9.20.0-release.00,2021-11-21 16:09:37,,
189,gp:AOqpTOHOKgxWGoCfcUWZamrwgq3PSfvaxnPG3VKEOduXMXQo_TdFWzH1hWB2i4vdUFKx9u1A2kNd5GapQ7dDwg,Belinda Trudy,https://play-lh.googleusercontent.com/a-/AOh14GikK8FoNOcVxO8LCcs9f3IlbdTbyJ-GS8zM9558mw,The app is okay but their support team is absolutely horrible. They never confirm what comes their way and getting an actual response from the support team is extremely hard. Please fix your system to make this platform safe for all users.,2,14,9.20.0-release.00,2021-11-18 05:14:02,,
190,gp:AOqpTOE9I9jNqa9Fvc3lKlu8KzKqaShtebqB4O_4CrWaqeFkza4Ie1RpQrQZyWWVC9EMGdaV9jf6fgfzI5qQsA,Josh Fairbanks,https://play-lh.googleusercontent.com/a-/AOh14GiuQO0xdcJAlIDDrihXhaZEUvimboZZXlbh7U16r9M,Support is really spotty and akes a long time to resolve issues. Can't build an account with my mobile number. Platform is great for news but really hard on mental health if you're sensitive to harassment like me.,1,2,9.21.0-release.0,2021-12-04 23:13:43,,
191,gp:AOqpTOHNIDqO9T5Ngl9pFwFv_SMLJTy_8VTTCIvng9tjhlDCOjkhx00c4fE2tJro5npilJgGfGCCSwA3oGFXvw,Brian Smith,https://play-lh.googleusercontent.com/a/AATXAJxZqs9eiNTEMHAt4i5YZwc0Q_QKncBBXPmKtQK6=mo,"Pretty good app, but when you tweet you can't really explain much in said tweet due to the very limited amount of letters you can use before you can't type anymore, update that feature and I'll definitely drop a ‚≠ê‚≠ê‚≠ê‚≠ê‚≠ê",2,10,9.20.0-release.00,2021-11-30 04:52:25,,
192,gp:AOqpTOG5wckSXmABsJ28DAyXjFY1au5ntEBursM53sLHdpll0tTRUYx7L3YIK5EcVHporzdJlDFXiVRYOZ08tw,archieprincess,https://play-lh.googleusercontent.com/a-/AOh14Gg-RQkTQSjlmfmUSckg6TX-1_uNx55i3gZ4ggBx3g,"Ever since I updated the app; it doesn't let me go LIVE at all. I have three Twitter accounts. One of them, I can go LIVE; but the other one I can't. The one I can go LIVE on; I cannot guest people. Before I could, but now I can't! Please fix it.",3,97,9.19.0-release.00,2021-11-11 00:59:21,,
193,gp:AOqpTOH49gNUVh-cInT6C2sxINLo6au8XCsfuqtt8PoJmyO_wM5NQsLQW_E27remRlrGq9c-rYzo16Ri1HRZeA,A Google user,https://play-lh.googleusercontent.com/EGemoI2NTXmTsBVtJqk8jxF9rh8ApRWfsIMQSt2uE4OcpQqbFu7f7NbTK05lx80nuSijCz7sc3a277R67g,"All I get is ""cannot receive tweets at this time"". No fixes work. Beyond annoying.",1,3,9.21.0-release.0,2021-12-04 22:48:04,,
194,gp:AOqpTOG_-uhGtNn0agdA0s6JdKttWCqoNoRm7DJfaTb_kjzUh3_hvJezaCwyM6VELyt9WsIWTpiV3WfY9aax8Q,Heather Culley,https://play-lh.googleusercontent.com/a-/AOh14GjLIMxp9Mf2wrY2ZfLpjUKdiZGhouLaRe_n7Y4s,"Pretty much unusable now. I scroll and its like frame drops in a video game, posts just won't load fast anymore. Feels like I'm walking through snow",1,45,9.21.0-release.0,2021-12-04 15:16:40,,
195,gp:AOqpTOEtGfgIQ7pJd0O6kdTD91JPxKJMhX_0epsRO1qcIegFlr8xU2AcK7K7A7_ghsBgBOQjVLdeguc-oHfvOA,Oath Accountability Project,https://play-lh.googleusercontent.com/a-/AOh14GjWkDUURyrXsXMJX3yRgnWNrnT29D20sguDoSotjA,App has been broken for weeks. When I try to tweet it crashes. This apps main function has been broken for WEEKS and the can't/won't fix it.,1,45,9.19.0-release.00,2021-11-11 17:56:12,,
196,gp:AOqpTOHxJYdGjIhbL1Ky2OmLYBFcnj8y8nyInHdqw45SzwYGk3yT0fMDgzZOQXJtEn7_z4H5vYoKheCmClM-cw,chris turner,https://play-lh.googleusercontent.com/a/AATXAJxRhdEyO-qUDLuRWdyfce_JBzQJElXzPzBiKyCU=mo,S platform that encourages multi person conversations well bit his severely listed by the length of messages in the discussion. It's system to solve this problem of threads is very clumsy and easily confused with multi user replies.,3,17,9.20.0-release.00,2021-11-25 13:50:10,,
197,gp:AOqpTOGPogVqW6iIzhCsfsDSbTB-V5uKqOq-GhUxBiVdHlYmPXAOsulktAQrJ4J9M1Dj7hv5TNeb8OCh_oXm0w,Catherine Pruner,https://play-lh.googleusercontent.com/a-/AOh14Gg5fMOmSXrOCe2R702qOGWoxBiZwB9m_0OwC0MHKA,"Great way to keep up with news, entertainment or otherwise. Love too, what feels like a personal connection to some of my idols. Really enjoy your app. ,üòªüíúüñ§üíú",5,43,9.20.0-release.00,2021-11-20 23:30:41,,
198,gp:AOqpTOHXLCNUFbPgP77T4CIE9aG_QUQt5dq9V7cJAaNlgwVev_7r9M_Uq8WRrrlm0-cW46Wptbmgppm3GE7elQ,Altro [Basic],https://play-lh.googleusercontent.com/a-/AOh14GjeG6ENI-EbSPjsLIeR6jG6HuyJfiMozdxVc2Tm,An alright steady stream of updates. Only issue now is that the notification icons won't go away even if there is no notification when jumping between accounts.,4,51,9.19.0-release.00,2021-11-15 04:50:29,,
199,gp:AOqpTOGZDxkqpHCoHoLIDzF0huHWWyd7SeaAbbyqN0a6bC4h4RzzMpTrkRGqN_EUtPbiN2_wwPK2NHAHqlOAUw,John Mcnally,https://play-lh.googleusercontent.com/a-/AOh14GhwdX1Hjw7j4Fw-SOv_87PTXZjx-OJZz168nPEL,My screen keeps freezing up it's been an ongoing problem for months Twitter keeps telling me to change my password and I do. It's good for a week or two and it starts acting up again,1,5,9.20.0-release.00,2021-12-03 01:35:16,,
